season,week,regime,tie_policy,contestant_id,contestant_name,n_active,exact_fan_rank_min,exact_fan_rank_max,exact_fan_rank_width,exact_normalized_fan_rank_width
1,1,R,average_rank,c_0682911ef89b,Rachel Hunter,6,1,6,5,1
1,1,R,average_rank,c_49123aa8f5b9,John O'Hurley,6,1,6,5,1
1,1,R,average_rank,c_6137c0511f62,Trista Sutter,6,1,6,5,1
1,1,R,average_rank,c_71c2de6f33c9,Kelly Monaco,6,1,6,5,1
1,1,R,average_rank,c_b3130ebf99b2,Evander Holyfield,6,1,6,5,1
1,1,R,average_rank,c_f6318fd0c251,Joey McIntyre,6,1,6,5,1
1,2,R,average_rank,c_0682911ef89b,Rachel Hunter,6,1,6,5,1
1,2,R,average_rank,c_49123aa8f5b9,John O'Hurley,6,1,6,5,1
1,2,R,average_rank,c_6137c0511f62,Trista Sutter,6,3,6,3,0.6
1,2,R,average_rank,c_71c2de6f33c9,Kelly Monaco,6,1,5,4,0.8
1,2,R,average_rank,c_b3130ebf99b2,Evander Holyfield,6,1,4,3,0.6
1,2,R,average_rank,c_f6318fd0c251,Joey McIntyre,6,1,6,5,1
1,3,R,average_rank,c_0682911ef89b,Rachel Hunter,5,1,5,4,1
1,3,R,average_rank,c_49123aa8f5b9,John O'Hurley,5,1,5,4,1
1,3,R,average_rank,c_71c2de6f33c9,Kelly Monaco,5,1,5,4,1
1,3,R,average_rank,c_b3130ebf99b2,Evander Holyfield,5,1,5,4,1
1,3,R,average_rank,c_f6318fd0c251,Joey McIntyre,5,1,5,4,1
1,4,R,average_rank,c_0682911ef89b,Rachel Hunter,4,3,4,1,0.333333333333
1,4,R,average_rank,c_49123aa8f5b9,John O'Hurley,4,1,3,2,0.666666666667
1,4,R,average_rank,c_71c2de6f33c9,Kelly Monaco,4,1,4,3,1
1,4,R,average_rank,c_f6318fd0c251,Joey McIntyre,4,1,2,1,0.333333333333
1,5,R,average_rank,c_49123aa8f5b9,John O'Hurley,3,1,3,2,1
1,5,R,average_rank,c_71c2de6f33c9,Kelly Monaco,3,1,3,2,1
1,5,R,average_rank,c_f6318fd0c251,Joey McIntyre,3,1,3,2,1
1,6,R,average_rank,c_49123aa8f5b9,John O'Hurley,2,1,2,1,1
1,6,R,average_rank,c_71c2de6f33c9,Kelly Monaco,2,1,2,1,1
2,1,R,average_rank,c_13a7bbd24206,Giselle Fernandez,10,1,10,9,1
2,1,R,average_rank,c_177970c9c122,Kenny Mayne,10,3,10,7,0.777777777778
2,1,R,average_rank,c_3f08c95bde83,Drew Lachey,10,1,10,9,1
2,1,R,average_rank,c_4cf510a71847,Jerry Rice,10,1,10,9,1
2,1,R,average_rank,c_53e4c2aa2341,Lisa Rinna,10,1,10,9,1
2,1,R,average_rank,c_7054ec253426,Master P,10,1,9,8,0.888888888889
2,1,R,average_rank,c_7758f7fcffaf,Stacy Keibler,10,1,10,9,1
2,1,R,average_rank,c_ca6e18e948c8,Tatum O'Neal,10,1,10,9,1
2,1,R,average_rank,c_ce811e8a803f,Tia Carrere,10,1,10,9,1
2,1,R,average_rank,c_ee75a32adcd8,George Hamilton,10,1,10,9,1
2,2,R,average_rank,c_13a7bbd24206,Giselle Fernandez,9,1,9,8,1
2,2,R,average_rank,c_3f08c95bde83,Drew Lachey,9,1,9,8,1
2,2,R,average_rank,c_4cf510a71847,Jerry Rice,9,1,9,8,1
2,2,R,average_rank,c_53e4c2aa2341,Lisa Rinna,9,1,9,8,1
2,2,R,average_rank,c_7054ec253426,Master P,9,1,8,7,0.875
2,2,R,average_rank,c_7758f7fcffaf,Stacy Keibler,9,1,9,8,1
2,2,R,average_rank,c_ca6e18e948c8,Tatum O'Neal,9,3,9,6,0.75
2,2,R,average_rank,c_ce811e8a803f,Tia Carrere,9,1,9,8,1
2,2,R,average_rank,c_ee75a32adcd8,George Hamilton,9,1,9,8,1
2,3,R,average_rank,c_13a7bbd24206,Giselle Fernandez,8,4,8,4,0.571428571429
2,3,R,average_rank,c_3f08c95bde83,Drew Lachey,8,1,8,7,1
2,3,R,average_rank,c_4cf510a71847,Jerry Rice,8,1,6,5,0.714285714286
2,3,R,average_rank,c_53e4c2aa2341,Lisa Rinna,8,1,8,7,1
2,3,R,average_rank,c_7054ec253426,Master P,8,1,5,4,0.571428571429
2,3,R,average_rank,c_7758f7fcffaf,Stacy Keibler,8,1,8,7,1
2,3,R,average_rank,c_ce811e8a803f,Tia Carrere,8,1,8,7,1
2,3,R,average_rank,c_ee75a32adcd8,George Hamilton,8,1,7,6,0.857142857143
2,4,R,average_rank,c_3f08c95bde83,Drew Lachey,7,1,7,6,1
2,4,R,average_rank,c_4cf510a71847,Jerry Rice,7,1,7,6,1
2,4,R,average_rank,c_53e4c2aa2341,Lisa Rinna,7,1,7,6,1
2,4,R,average_rank,c_7054ec253426,Master P,7,2,7,5,0.833333333333
2,4,R,average_rank,c_7758f7fcffaf,Stacy Keibler,7,1,7,6,1
2,4,R,average_rank,c_ce811e8a803f,Tia Carrere,7,1,7,6,1
2,4,R,average_rank,c_ee75a32adcd8,George Hamilton,7,1,7,6,1
2,5,R,average_rank,c_3f08c95bde83,Drew Lachey,6,1,6,5,1
2,5,R,average_rank,c_4cf510a71847,Jerry Rice,6,1,6,5,1
2,5,R,average_rank,c_53e4c2aa2341,Lisa Rinna,6,1,6,5,1
2,5,R,average_rank,c_7758f7fcffaf,Stacy Keibler,6,1,6,5,1
2,5,R,average_rank,c_ce811e8a803f,Tia Carrere,6,1,6,5,1
2,5,R,average_rank,c_ee75a32adcd8,George Hamilton,6,1,6,5,1
2,6,R,average_rank,c_3f08c95bde83,Drew Lachey,5,1,5,4,1
2,6,R,average_rank,c_4cf510a71847,Jerry Rice,5,1,4,3,0.75
2,6,R,average_rank,c_53e4c2aa2341,Lisa Rinna,5,1,5,4,1
2,6,R,average_rank,c_7758f7fcffaf,Stacy Keibler,5,1,5,4,1
2,6,R,average_rank,c_ee75a32adcd8,George Hamilton,5,2,5,3,0.75
2,7,R,average_rank,c_3f08c95bde83,Drew Lachey,4,1,4,3,1
2,7,R,average_rank,c_4cf510a71847,Jerry Rice,4,1,3,2,0.666666666667
2,7,R,average_rank,c_53e4c2aa2341,Lisa Rinna,4,3,4,1,0.333333333333
2,7,R,average_rank,c_7758f7fcffaf,Stacy Keibler,4,1,4,3,1
2,8,R,average_rank,c_3f08c95bde83,Drew Lachey,3,1,3,2,1
2,8,R,average_rank,c_4cf510a71847,Jerry Rice,3,1,2,1,0.5
2,8,R,average_rank,c_7758f7fcffaf,Stacy Keibler,3,2,3,1,0.5
28,1,R_plus,average_rank,c_200c4ff12963,James Van Der Beek,12,1,12,11,1
28,1,R_plus,average_rank,c_60ec454a8400,Lauren Alaina,12,1,12,11,1
28,1,R_plus,average_rank,c_6e362448efdd,Karamo Brown,12,1,12,11,1
28,1,R_plus,average_rank,c_7d1f20af7e47,Sailor Brinkley-Cook,12,1,12,11,1
28,1,R_plus,average_rank,c_97f8d8bcc4a3,Sean Spicer,12,1,12,11,1
28,1,R_plus,average_rank,c_ad0ab76e15e2,Ally Brooke,12,1,12,11,1
28,1,R_plus,average_rank,c_cd8555c4c4a3,Mary Wilson,12,1,12,11,1
28,1,R_plus,average_rank,c_d408ea6aae97,Ray Lewis,12,1,12,11,1
28,1,R_plus,average_rank,c_d78aaf5fec0f,Hannah Brown,12,1,12,11,1
28,1,R_plus,average_rank,c_dbf097fbad67,Kel Mitchell,12,1,12,11,1
28,1,R_plus,average_rank,c_ec2dfdbef29a,Kate Flannery,12,1,12,11,1
28,1,R_plus,average_rank,c_f447678289a9,Lamar Odom,12,1,12,11,1
28,2,R_plus,average_rank,c_200c4ff12963,James Van Der Beek,12,1,12,11,1
28,2,R_plus,average_rank,c_60ec454a8400,Lauren Alaina,12,1,12,11,1
28,2,R_plus,average_rank,c_6e362448efdd,Karamo Brown,12,1,12,11,1
28,2,R_plus,average_rank,c_7d1f20af7e47,Sailor Brinkley-Cook,12,1,12,11,1
28,2,R_plus,average_rank,c_97f8d8bcc4a3,Sean Spicer,12,1,12,11,1
28,2,R_plus,average_rank,c_ad0ab76e15e2,Ally Brooke,12,1,12,11,1
28,2,R_plus,average_rank,c_cd8555c4c4a3,Mary Wilson,12,2,12,10,0.909090909091
28,2,R_plus,average_rank,c_d408ea6aae97,Ray Lewis,12,1,12,11,1
28,2,R_plus,average_rank,c_d78aaf5fec0f,Hannah Brown,12,1,12,11,1
28,2,R_plus,average_rank,c_dbf097fbad67,Kel Mitchell,12,1,12,11,1
28,2,R_plus,average_rank,c_ec2dfdbef29a,Kate Flannery,12,1,12,11,1
28,2,R_plus,average_rank,c_f447678289a9,Lamar Odom,12,1,12,11,1
28,3,R_plus,average_rank,c_200c4ff12963,James Van Der Beek,10,1,10,9,1
28,3,R_plus,average_rank,c_60ec454a8400,Lauren Alaina,10,1,10,9,1
28,3,R_plus,average_rank,c_6e362448efdd,Karamo Brown,10,1,10,9,1
28,3,R_plus,average_rank,c_7d1f20af7e47,Sailor Brinkley-Cook,10,1,10,9,1
28,3,R_plus,average_rank,c_97f8d8bcc4a3,Sean Spicer,10,1,10,9,1
28,3,R_plus,average_rank,c_ad0ab76e15e2,Ally Brooke,10,1,10,9,1
28,3,R_plus,average_rank,c_d78aaf5fec0f,Hannah Brown,10,1,10,9,1
28,3,R_plus,average_rank,c_dbf097fbad67,Kel Mitchell,10,1,10,9,1
28,3,R_plus,average_rank,c_ec2dfdbef29a,Kate Flannery,10,1,10,9,1
28,3,R_plus,average_rank,c_f447678289a9,Lamar Odom,10,1,10,9,1
28,4,R_plus,average_rank,c_200c4ff12963,James Van Der Beek,10,1,10,9,1
28,4,R_plus,average_rank,c_60ec454a8400,Lauren Alaina,10,1,10,9,1
28,4,R_plus,average_rank,c_6e362448efdd,Karamo Brown,10,1,10,9,1
28,4,R_plus,average_rank,c_7d1f20af7e47,Sailor Brinkley-Cook,10,1,10,9,1
28,4,R_plus,average_rank,c_97f8d8bcc4a3,Sean Spicer,10,1,10,9,1
28,4,R_plus,average_rank,c_ad0ab76e15e2,Ally Brooke,10,1,10,9,1
28,4,R_plus,average_rank,c_d78aaf5fec0f,Hannah Brown,10,1,10,9,1
28,4,R_plus,average_rank,c_dbf097fbad67,Kel Mitchell,10,1,10,9,1
28,4,R_plus,average_rank,c_ec2dfdbef29a,Kate Flannery,10,1,10,9,1
28,4,R_plus,average_rank,c_f447678289a9,Lamar Odom,10,2,10,8,0.888888888889
28,5,R_plus,average_rank,c_200c4ff12963,James Van Der Beek,9,1,9,8,1
28,5,R_plus,average_rank,c_60ec454a8400,Lauren Alaina,9,1,9,8,1
28,5,R_plus,average_rank,c_6e362448efdd,Karamo Brown,9,1,9,8,1
28,5,R_plus,average_rank,c_7d1f20af7e47,Sailor Brinkley-Cook,9,1,9,8,1
28,5,R_plus,average_rank,c_97f8d8bcc4a3,Sean Spicer,9,1,9,8,1
28,5,R_plus,average_rank,c_ad0ab76e15e2,Ally Brooke,9,1,9,8,1
28,5,R_plus,average_rank,c_d78aaf5fec0f,Hannah Brown,9,1,9,8,1
28,5,R_plus,average_rank,c_dbf097fbad67,Kel Mitchell,9,1,9,8,1
28,5,R_plus,average_rank,c_ec2dfdbef29a,Kate Flannery,9,1,9,8,1
28,6,R_plus,average_rank,c_200c4ff12963,James Van Der Beek,9,1,8,7,0.875
28,6,R_plus,average_rank,c_60ec454a8400,Lauren Alaina,9,1,8,7,0.875
28,6,R_plus,average_rank,c_6e362448efdd,Karamo Brown,9,1,9,8,1
28,6,R_plus,average_rank,c_7d1f20af7e47,Sailor Brinkley-Cook,9,8,9,1,0.125
28,6,R_plus,average_rank,c_97f8d8bcc4a3,Sean Spicer,9,1,9,8,1
28,6,R_plus,average_rank,c_ad0ab76e15e2,Ally Brooke,9,1,9,8,1
28,6,R_plus,average_rank,c_d78aaf5fec0f,Hannah Brown,9,1,9,8,1
28,6,R_plus,average_rank,c_dbf097fbad67,Kel Mitchell,9,1,8,7,0.875
28,6,R_plus,average_rank,c_ec2dfdbef29a,Kate Flannery,9,1,8,7,0.875
28,7,R_plus,average_rank,c_200c4ff12963,James Van Der Beek,8,1,8,7,1
28,7,R_plus,average_rank,c_60ec454a8400,Lauren Alaina,8,1,8,7,1
28,7,R_plus,average_rank,c_6e362448efdd,Karamo Brown,8,3,8,5,0.714285714286
28,7,R_plus,average_rank,c_97f8d8bcc4a3,Sean Spicer,8,1,8,7,1
28,7,R_plus,average_rank,c_ad0ab76e15e2,Ally Brooke,8,1,8,7,1
28,7,R_plus,average_rank,c_d78aaf5fec0f,Hannah Brown,8,1,8,7,1
28,7,R_plus,average_rank,c_dbf097fbad67,Kel Mitchell,8,1,8,7,1
28,7,R_plus,average_rank,c_ec2dfdbef29a,Kate Flannery,8,1,8,7,1
28,8,R_plus,average_rank,c_200c4ff12963,James Van Der Beek,7,1,7,6,1
28,8,R_plus,average_rank,c_60ec454a8400,Lauren Alaina,7,1,7,6,1
28,8,R_plus,average_rank,c_97f8d8bcc4a3,Sean Spicer,7,1,7,6,1
28,8,R_plus,average_rank,c_ad0ab76e15e2,Ally Brooke,7,1,7,6,1
28,8,R_plus,average_rank,c_d78aaf5fec0f,Hannah Brown,7,1,7,6,1
28,8,R_plus,average_rank,c_dbf097fbad67,Kel Mitchell,7,1,7,6,1
28,8,R_plus,average_rank,c_ec2dfdbef29a,Kate Flannery,7,2,7,5,0.833333333333
28,9,R_plus,average_rank,c_200c4ff12963,James Van Der Beek,6,1,6,5,1
28,9,R_plus,average_rank,c_60ec454a8400,Lauren Alaina,6,1,6,5,1
28,9,R_plus,average_rank,c_97f8d8bcc4a3,Sean Spicer,6,1,6,5,1
28,9,R_plus,average_rank,c_ad0ab76e15e2,Ally Brooke,6,1,6,5,1
28,9,R_plus,average_rank,c_d78aaf5fec0f,Hannah Brown,6,1,6,5,1
28,9,R_plus,average_rank,c_dbf097fbad67,Kel Mitchell,6,1,6,5,1
28,10,R_plus,average_rank,c_200c4ff12963,James Van Der Beek,5,1,5,4,1
28,10,R_plus,average_rank,c_60ec454a8400,Lauren Alaina,5,1,5,4,1
28,10,R_plus,average_rank,c_ad0ab76e15e2,Ally Brooke,5,1,5,4,1
28,10,R_plus,average_rank,c_d78aaf5fec0f,Hannah Brown,5,1,5,4,1
28,10,R_plus,average_rank,c_dbf097fbad67,Kel Mitchell,5,1,5,4,1
28,11,R_plus,average_rank,c_60ec454a8400,Lauren Alaina,4,1,4,3,1
28,11,R_plus,average_rank,c_ad0ab76e15e2,Ally Brooke,4,3,4,1,0.333333333333
28,11,R_plus,average_rank,c_d78aaf5fec0f,Hannah Brown,4,1,2,1,0.333333333333
28,11,R_plus,average_rank,c_dbf097fbad67,Kel Mitchell,4,2,3,1,0.333333333333
29,1,R_plus,average_rank,c_070a9cf4335b,Nev Schulman,15,1,15,14,1
29,1,R_plus,average_rank,c_11dab416256e,Johnny Weir,15,1,15,14,1
29,1,R_plus,average_rank,c_249fee0c5f0e,Chrishell Stause,15,1,15,14,1
29,1,R_plus,average_rank,c_3f32d6efef34,AJ McLean,15,1,15,14,1
29,1,R_plus,average_rank,c_4a8d25406f8b,Kaitlyn Bristowe,15,1,15,14,1
29,1,R_plus,average_rank,c_573652556221,Nelly,15,1,15,14,1
29,1,R_plus,average_rank,c_65d6cab6dadb,Carole Baskin,15,1,15,14,1
29,1,R_plus,average_rank,c_74452ad09396,Anne Heche,15,1,15,14,1
29,1,R_plus,average_rank,c_753fc2e06368,Skai Jackson,15,1,15,14,1
29,1,R_plus,average_rank,c_7a0bc074d7ee,Charles Oakley,15,1,15,14,1
29,1,R_plus,average_rank,c_7c2348559a18,Veron Davis,15,1,15,14,1
29,1,R_plus,average_rank,c_823f9ca9ea5e,Monica Aldama,15,1,15,14,1
29,1,R_plus,average_rank,c_8bc88f2bc529,Justina Machado,15,1,15,14,1
29,1,R_plus,average_rank,c_8cbaf01f9030,Jesse Metcalfe,15,1,15,14,1
29,1,R_plus,average_rank,c_ace5e5d137ce,Jeannie Mai,15,1,15,14,1
29,2,R_plus,average_rank,c_070a9cf4335b,Nev Schulman,15,1,15,14,1
29,2,R_plus,average_rank,c_11dab416256e,Johnny Weir,15,1,15,14,1
29,2,R_plus,average_rank,c_249fee0c5f0e,Chrishell Stause,15,1,15,14,1
29,2,R_plus,average_rank,c_3f32d6efef34,AJ McLean,15,1,15,14,1
29,2,R_plus,average_rank,c_4a8d25406f8b,Kaitlyn Bristowe,15,1,15,14,1
29,2,R_plus,average_rank,c_573652556221,Nelly,15,1,15,14,1
29,2,R_plus,average_rank,c_65d6cab6dadb,Carole Baskin,15,1,15,14,1
29,2,R_plus,average_rank,c_74452ad09396,Anne Heche,15,1,15,14,1
29,2,R_plus,average_rank,c_753fc2e06368,Skai Jackson,15,1,15,14,1
29,2,R_plus,average_rank,c_7a0bc074d7ee,Charles Oakley,15,3,15,12,0.857142857143
29,2,R_plus,average_rank,c_7c2348559a18,Veron Davis,15,1,15,14,1
29,2,R_plus,average_rank,c_823f9ca9ea5e,Monica Aldama,15,1,15,14,1
29,2,R_plus,average_rank,c_8bc88f2bc529,Justina Machado,15,1,15,14,1
29,2,R_plus,average_rank,c_8cbaf01f9030,Jesse Metcalfe,15,1,15,14,1
29,2,R_plus,average_rank,c_ace5e5d137ce,Jeannie Mai,15,1,15,14,1
29,3,R_plus,average_rank,c_070a9cf4335b,Nev Schulman,14,1,14,13,1
29,3,R_plus,average_rank,c_11dab416256e,Johnny Weir,14,1,14,13,1
29,3,R_plus,average_rank,c_249fee0c5f0e,Chrishell Stause,14,1,14,13,1
29,3,R_plus,average_rank,c_3f32d6efef34,AJ McLean,14,1,14,13,1
29,3,R_plus,average_rank,c_4a8d25406f8b,Kaitlyn Bristowe,14,1,14,13,1
29,3,R_plus,average_rank,c_573652556221,Nelly,14,1,14,13,1
29,3,R_plus,average_rank,c_65d6cab6dadb,Carole Baskin,14,1,14,13,1
29,3,R_plus,average_rank,c_74452ad09396,Anne Heche,14,1,14,13,1
29,3,R_plus,average_rank,c_753fc2e06368,Skai Jackson,14,1,14,13,1
29,3,R_plus,average_rank,c_7c2348559a18,Veron Davis,14,1,14,13,1
29,3,R_plus,average_rank,c_823f9ca9ea5e,Monica Aldama,14,1,14,13,1
29,3,R_plus,average_rank,c_8bc88f2bc529,Justina Machado,14,1,14,13,1
29,3,R_plus,average_rank,c_8cbaf01f9030,Jesse Metcalfe,14,1,14,13,1
29,3,R_plus,average_rank,c_ace5e5d137ce,Jeannie Mai,14,1,14,13,1
29,4,R_plus,average_rank,c_070a9cf4335b,Nev Schulman,13,1,13,12,1
29,4,R_plus,average_rank,c_11dab416256e,Johnny Weir,13,1,13,12,1
29,4,R_plus,average_rank,c_249fee0c5f0e,Chrishell Stause,13,1,13,12,1
29,4,R_plus,average_rank,c_3f32d6efef34,AJ McLean,13,1,13,12,1
29,4,R_plus,average_rank,c_4a8d25406f8b,Kaitlyn Bristowe,13,1,13,12,1
29,4,R_plus,average_rank,c_573652556221,Nelly,13,1,13,12,1
29,4,R_plus,average_rank,c_74452ad09396,Anne Heche,13,4,13,9,0.75
29,4,R_plus,average_rank,c_753fc2e06368,Skai Jackson,13,1,13,12,1
29,4,R_plus,average_rank,c_7c2348559a18,Veron Davis,13,1,13,12,1
29,4,R_plus,average_rank,c_823f9ca9ea5e,Monica Aldama,13,1,13,12,1
29,4,R_plus,average_rank,c_8bc88f2bc529,Justina Machado,13,1,13,12,1
29,4,R_plus,average_rank,c_8cbaf01f9030,Jesse Metcalfe,13,1,13,12,1
29,4,R_plus,average_rank,c_ace5e5d137ce,Jeannie Mai,13,1,13,12,1
29,5,R_plus,average_rank,c_070a9cf4335b,Nev Schulman,12,1,12,11,1
29,5,R_plus,average_rank,c_11dab416256e,Johnny Weir,12,1,12,11,1
29,5,R_plus,average_rank,c_249fee0c5f0e,Chrishell Stause,12,1,12,11,1
29,5,R_plus,average_rank,c_3f32d6efef34,AJ McLean,12,1,12,11,1
29,5,R_plus,average_rank,c_4a8d25406f8b,Kaitlyn Bristowe,12,1,12,11,1
29,5,R_plus,average_rank,c_573652556221,Nelly,12,1,12,11,1
29,5,R_plus,average_rank,c_753fc2e06368,Skai Jackson,12,1,12,11,1
29,5,R_plus,average_rank,c_7c2348559a18,Veron Davis,12,1,12,11,1
29,5,R_plus,average_rank,c_823f9ca9ea5e,Monica Aldama,12,1,12,11,1
29,5,R_plus,average_rank,c_8bc88f2bc529,Justina Machado,12,1,12,11,1
29,5,R_plus,average_rank,c_8cbaf01f9030,Jesse Metcalfe,12,3,12,9,0.818181818182
29,5,R_plus,average_rank,c_ace5e5d137ce,Jeannie Mai,12,1,12,11,1
29,6,R_plus,average_rank,c_070a9cf4335b,Nev Schulman,11,1,11,10,1
29,6,R_plus,average_rank,c_11dab416256e,Johnny Weir,11,1,11,10,1
29,6,R_plus,average_rank,c_249fee0c5f0e,Chrishell Stause,11,1,11,10,1
29,6,R_plus,average_rank,c_3f32d6efef34,AJ McLean,11,1,11,10,1
29,6,R_plus,average_rank,c_4a8d25406f8b,Kaitlyn Bristowe,11,1,11,10,1
29,6,R_plus,average_rank,c_573652556221,Nelly,11,1,11,10,1
29,6,R_plus,average_rank,c_753fc2e06368,Skai Jackson,11,1,11,10,1
29,6,R_plus,average_rank,c_7c2348559a18,Veron Davis,11,3,11,8,0.8
29,6,R_plus,average_rank,c_823f9ca9ea5e,Monica Aldama,11,1,11,10,1
29,6,R_plus,average_rank,c_8bc88f2bc529,Justina Machado,11,1,11,10,1
29,6,R_plus,average_rank,c_ace5e5d137ce,Jeannie Mai,11,1,11,10,1
29,7,R_plus,average_rank,c_070a9cf4335b,Nev Schulman,10,1,10,9,1
29,7,R_plus,average_rank,c_11dab416256e,Johnny Weir,10,1,10,9,1
29,7,R_plus,average_rank,c_249fee0c5f0e,Chrishell Stause,10,1,10,9,1
29,7,R_plus,average_rank,c_3f32d6efef34,AJ McLean,10,1,10,9,1
29,7,R_plus,average_rank,c_4a8d25406f8b,Kaitlyn Bristowe,10,1,10,9,1
29,7,R_plus,average_rank,c_573652556221,Nelly,10,1,10,9,1
29,7,R_plus,average_rank,c_753fc2e06368,Skai Jackson,10,1,10,9,1
29,7,R_plus,average_rank,c_823f9ca9ea5e,Monica Aldama,10,1,10,9,1
29,7,R_plus,average_rank,c_8bc88f2bc529,Justina Machado,10,1,10,9,1
29,7,R_plus,average_rank,c_ace5e5d137ce,Jeannie Mai,10,1,10,9,1
29,8,R_plus,average_rank,c_070a9cf4335b,Nev Schulman,8,1,8,7,1
29,8,R_plus,average_rank,c_11dab416256e,Johnny Weir,8,1,8,7,1
29,8,R_plus,average_rank,c_249fee0c5f0e,Chrishell Stause,8,3,8,5,0.714285714286
29,8,R_plus,average_rank,c_3f32d6efef34,AJ McLean,8,1,8,7,1
29,8,R_plus,average_rank,c_4a8d25406f8b,Kaitlyn Bristowe,8,1,8,7,1
29,8,R_plus,average_rank,c_573652556221,Nelly,8,1,8,7,1
29,8,R_plus,average_rank,c_753fc2e06368,Skai Jackson,8,1,8,7,1
29,8,R_plus,average_rank,c_8bc88f2bc529,Justina Machado,8,1,8,7,1
29,9,R_plus,average_rank,c_070a9cf4335b,Nev Schulman,7,1,7,6,1
29,9,R_plus,average_rank,c_11dab416256e,Johnny Weir,7,1,7,6,1
29,9,R_plus,average_rank,c_3f32d6efef34,AJ McLean,7,2,7,5,0.833333333333
29,9,R_plus,average_rank,c_4a8d25406f8b,Kaitlyn Bristowe,7,1,7,6,1
29,9,R_plus,average_rank,c_573652556221,Nelly,7,1,7,6,1
29,9,R_plus,average_rank,c_753fc2e06368,Skai Jackson,7,1,7,6,1
29,9,R_plus,average_rank,c_8bc88f2bc529,Justina Machado,7,1,7,6,1
29,10,R_plus,average_rank,c_070a9cf4335b,Nev Schulman,6,1,6,5,1
29,10,R_plus,average_rank,c_11dab416256e,Johnny Weir,6,1,6,5,1
29,10,R_plus,average_rank,c_4a8d25406f8b,Kaitlyn Bristowe,6,1,6,5,1
29,10,R_plus,average_rank,c_573652556221,Nelly,6,1,6,5,1
29,10,R_plus,average_rank,c_753fc2e06368,Skai Jackson,6,1,6,5,1
29,10,R_plus,average_rank,c_8bc88f2bc529,Justina Machado,6,1,6,5,1
29,11,R_plus,average_rank,c_070a9cf4335b,Nev Schulman,4,3,3,0,0
29,11,R_plus,average_rank,c_4a8d25406f8b,Kaitlyn Bristowe,4,1,2,1,0.333333333333
29,11,R_plus,average_rank,c_573652556221,Nelly,4,1,2,1,0.333333333333
29,11,R_plus,average_rank,c_8bc88f2bc529,Justina Machado,4,4,4,0,0
30,1,R_plus,average_rank,c_04ef229c7ff0,Kenya Moore,15,1,15,14,1
30,1,R_plus,average_rank,c_1c05f6d66a3f,Matt James,15,1,15,14,1
30,1,R_plus,average_rank,c_71da7b768d6d,Jimmie Allen,15,1,15,14,1
30,1,R_plus,average_rank,c_7dbe643a5b94,Melanie C,15,1,15,14,1
30,1,R_plus,average_rank,c_84deafeeb974,Amanda Kloots,15,1,15,14,1
30,1,R_plus,average_rank,c_8b3d0c71d246,Suni Lee,15,1,15,14,1
30,1,R_plus,average_rank,c_9b015ed7e42e,Cody Rigsby,15,1,15,14,1
30,1,R_plus,average_rank,c_a71bf11ea29e,Olivia Jade,15,1,15,14,1
30,1,R_plus,average_rank,c_a72a230eaba2,Melora Hardin,15,1,15,14,1
30,1,R_plus,average_rank,c_b002034162db,Christine Chiu,15,1,15,14,1
30,1,R_plus,average_rank,c_dceaa5c7f8dd,Iman Shumpert,15,1,15,14,1
30,1,R_plus,average_rank,c_def7afb85d8e,JoJo Siwa,15,1,15,14,1
30,1,R_plus,average_rank,c_dff70a5b7575,Martin Kove,15,1,15,14,1
30,1,R_plus,average_rank,c_dffffa72652e,Brian Austin Green,15,1,15,14,1
30,1,R_plus,average_rank,c_f1e90bd6e09a,"Mike ""The Miz"" Mizanin",15,1,15,14,1
30,2,R_plus,average_rank,c_04ef229c7ff0,Kenya Moore,15,1,15,14,1
30,2,R_plus,average_rank,c_1c05f6d66a3f,Matt James,15,1,15,14,1
30,2,R_plus,average_rank,c_71da7b768d6d,Jimmie Allen,15,1,15,14,1
30,2,R_plus,average_rank,c_7dbe643a5b94,Melanie C,15,1,15,14,1
30,2,R_plus,average_rank,c_84deafeeb974,Amanda Kloots,15,1,15,14,1
30,2,R_plus,average_rank,c_8b3d0c71d246,Suni Lee,15,1,15,14,1
30,2,R_plus,average_rank,c_9b015ed7e42e,Cody Rigsby,15,1,15,14,1
30,2,R_plus,average_rank,c_a71bf11ea29e,Olivia Jade,15,1,15,14,1
30,2,R_plus,average_rank,c_a72a230eaba2,Melora Hardin,15,1,15,14,1
30,2,R_plus,average_rank,c_b002034162db,Christine Chiu,15,1,15,14,1
30,2,R_plus,average_rank,c_dceaa5c7f8dd,Iman Shumpert,15,1,15,14,1
30,2,R_plus,average_rank,c_def7afb85d8e,JoJo Siwa,15,1,15,14,1
30,2,R_plus,average_rank,c_dff70a5b7575,Martin Kove,15,1,15,14,1
30,2,R_plus,average_rank,c_dffffa72652e,Brian Austin Green,15,1,15,14,1
30,2,R_plus,average_rank,c_f1e90bd6e09a,"Mike ""The Miz"" Mizanin",15,1,15,14,1
30,3,R_plus,average_rank,c_04ef229c7ff0,Kenya Moore,14,1,14,13,1
30,3,R_plus,average_rank,c_1c05f6d66a3f,Matt James,14,1,14,13,1
30,3,R_plus,average_rank,c_71da7b768d6d,Jimmie Allen,14,1,14,13,1
30,3,R_plus,average_rank,c_7dbe643a5b94,Melanie C,14,1,14,13,1
30,3,R_plus,average_rank,c_84deafeeb974,Amanda Kloots,14,1,14,13,1
30,3,R_plus,average_rank,c_8b3d0c71d246,Suni Lee,14,1,14,13,1
30,3,R_plus,average_rank,c_9b015ed7e42e,Cody Rigsby,14,1,14,13,1
30,3,R_plus,average_rank,c_a71bf11ea29e,Olivia Jade,14,1,14,13,1
30,3,R_plus,average_rank,c_a72a230eaba2,Melora Hardin,14,1,14,13,1
30,3,R_plus,average_rank,c_b002034162db,Christine Chiu,14,7,14,7,0.538461538462
30,3,R_plus,average_rank,c_dceaa5c7f8dd,Iman Shumpert,14,1,14,13,1
30,3,R_plus,average_rank,c_def7afb85d8e,JoJo Siwa,14,1,14,13,1
30,3,R_plus,average_rank,c_dffffa72652e,Brian Austin Green,14,1,14,13,1
30,3,R_plus,average_rank,c_f1e90bd6e09a,"Mike ""The Miz"" Mizanin",14,1,14,13,1
30,4,R_plus,average_rank,c_04ef229c7ff0,Kenya Moore,13,1,13,12,1
30,4,R_plus,average_rank,c_1c05f6d66a3f,Matt James,13,1,13,12,1
30,4,R_plus,average_rank,c_71da7b768d6d,Jimmie Allen,13,1,13,12,1
30,4,R_plus,average_rank,c_7dbe643a5b94,Melanie C,13,1,13,12,1
30,4,R_plus,average_rank,c_84deafeeb974,Amanda Kloots,13,1,13,12,1
30,4,R_plus,average_rank,c_8b3d0c71d246,Suni Lee,13,1,13,12,1
30,4,R_plus,average_rank,c_9b015ed7e42e,Cody Rigsby,13,1,13,12,1
30,4,R_plus,average_rank,c_a71bf11ea29e,Olivia Jade,13,1,13,12,1
30,4,R_plus,average_rank,c_a72a230eaba2,Melora Hardin,13,1,13,12,1
30,4,R_plus,average_rank,c_dceaa5c7f8dd,Iman Shumpert,13,1,13,12,1
30,4,R_plus,average_rank,c_def7afb85d8e,JoJo Siwa,13,1,13,12,1
30,4,R_plus,average_rank,c_dffffa72652e,Brian Austin Green,13,1,13,12,1
30,4,R_plus,average_rank,c_f1e90bd6e09a,"Mike ""The Miz"" Mizanin",13,1,13,12,1
30,5,R_plus,average_rank,c_04ef229c7ff0,Kenya Moore,11,1,11,10,1
30,5,R_plus,average_rank,c_71da7b768d6d,Jimmie Allen,11,1,11,10,1
30,5,R_plus,average_rank,c_7dbe643a5b94,Melanie C,11,8,11,3,0.3
30,5,R_plus,average_rank,c_84deafeeb974,Amanda Kloots,11,1,11,10,1
30,5,R_plus,average_rank,c_8b3d0c71d246,Suni Lee,11,1,11,10,1
30,5,R_plus,average_rank,c_9b015ed7e42e,Cody Rigsby,11,1,11,10,1
30,5,R_plus,average_rank,c_a71bf11ea29e,Olivia Jade,11,1,11,10,1
30,5,R_plus,average_rank,c_a72a230eaba2,Melora Hardin,11,1,11,10,1
30,5,R_plus,average_rank,c_dceaa5c7f8dd,Iman Shumpert,11,1,11,10,1
30,5,R_plus,average_rank,c_def7afb85d8e,JoJo Siwa,11,1,11,10,1
30,5,R_plus,average_rank,c_f1e90bd6e09a,"Mike ""The Miz"" Mizanin",11,1,11,10,1
30,6,R_plus,average_rank,c_04ef229c7ff0,Kenya Moore,10,1,10,9,1
30,6,R_plus,average_rank,c_71da7b768d6d,Jimmie Allen,10,1,10,9,1
30,6,R_plus,average_rank,c_84deafeeb974,Amanda Kloots,10,1,10,9,1
30,6,R_plus,average_rank,c_8b3d0c71d246,Suni Lee,10,1,10,9,1
30,6,R_plus,average_rank,c_9b015ed7e42e,Cody Rigsby,10,1,10,9,1
30,6,R_plus,average_rank,c_a71bf11ea29e,Olivia Jade,10,1,10,9,1
30,6,R_plus,average_rank,c_a72a230eaba2,Melora Hardin,10,1,10,9,1
30,6,R_plus,average_rank,c_dceaa5c7f8dd,Iman Shumpert,10,1,10,9,1
30,6,R_plus,average_rank,c_def7afb85d8e,JoJo Siwa,10,1,10,9,1
30,6,R_plus,average_rank,c_f1e90bd6e09a,"Mike ""The Miz"" Mizanin",10,1,10,9,1
30,7,R_plus,average_rank,c_71da7b768d6d,Jimmie Allen,9,1,9,8,1
30,7,R_plus,average_rank,c_84deafeeb974,Amanda Kloots,9,1,9,8,1
30,7,R_plus,average_rank,c_8b3d0c71d246,Suni Lee,9,1,9,8,1
30,7,R_plus,average_rank,c_9b015ed7e42e,Cody Rigsby,9,1,9,8,1
30,7,R_plus,average_rank,c_a71bf11ea29e,Olivia Jade,9,1,9,8,1
30,7,R_plus,average_rank,c_a72a230eaba2,Melora Hardin,9,1,9,8,1
30,7,R_plus,average_rank,c_dceaa5c7f8dd,Iman Shumpert,9,1,9,8,1
30,7,R_plus,average_rank,c_def7afb85d8e,JoJo Siwa,9,1,9,8,1
30,7,R_plus,average_rank,c_f1e90bd6e09a,"Mike ""The Miz"" Mizanin",9,1,9,8,1
30,8,R_plus,average_rank,c_71da7b768d6d,Jimmie Allen,8,1,8,7,1
30,8,R_plus,average_rank,c_84deafeeb974,Amanda Kloots,8,1,8,7,1
30,8,R_plus,average_rank,c_8b3d0c71d246,Suni Lee,8,1,8,7,1
30,8,R_plus,average_rank,c_9b015ed7e42e,Cody Rigsby,8,1,8,7,1
30,8,R_plus,average_rank,c_a71bf11ea29e,Olivia Jade,8,2,8,6,0.857142857143
30,8,R_plus,average_rank,c_a72a230eaba2,Melora Hardin,8,1,8,7,1
30,8,R_plus,average_rank,c_dceaa5c7f8dd,Iman Shumpert,8,1,8,7,1
30,8,R_plus,average_rank,c_def7afb85d8e,JoJo Siwa,8,1,8,7,1
30,9,R_plus,average_rank,c_84deafeeb974,Amanda Kloots,6,1,6,5,1
30,9,R_plus,average_rank,c_8b3d0c71d246,Suni Lee,6,2,6,4,0.8
30,9,R_plus,average_rank,c_9b015ed7e42e,Cody Rigsby,6,1,6,5,1
30,9,R_plus,average_rank,c_a72a230eaba2,Melora Hardin,6,1,6,5,1
30,9,R_plus,average_rank,c_dceaa5c7f8dd,Iman Shumpert,6,1,6,5,1
30,9,R_plus,average_rank,c_def7afb85d8e,JoJo Siwa,6,1,6,5,1
30,10,R_plus,average_rank,c_84deafeeb974,Amanda Kloots,4,3,4,1,0.333333333333
30,10,R_plus,average_rank,c_9b015ed7e42e,Cody Rigsby,4,1,3,2,0.666666666667
30,10,R_plus,average_rank,c_dceaa5c7f8dd,Iman Shumpert,4,1,2,1,0.333333333333
30,10,R_plus,average_rank,c_def7afb85d8e,JoJo Siwa,4,2,4,2,0.666666666667
31,1,R_plus,average_rank,c_0d5a2f599184,Jessie James Decker,16,1,16,15,1
31,1,R_plus,average_rank,c_1159095f4a06,Daniel Durant,16,1,16,15,1
31,1,R_plus,average_rank,c_41dbb7e37c3f,Jordin Sparks,16,1,16,15,1
31,1,R_plus,average_rank,c_4576c1e717de,Joseph Baena,16,1,16,15,1
31,1,R_plus,average_rank,c_4690169597bc,Heidi D'Amelio,16,1,16,15,1
31,1,R_plus,average_rank,c_4805f1f102ab,Jason Lewis,16,2,16,14,0.933333333333
31,1,R_plus,average_rank,c_6e2b2aba7b11,Selma Blair,16,1,16,15,1
31,1,R_plus,average_rank,c_90c817bb5500,Gabby Windey,16,1,16,15,1
31,1,R_plus,average_rank,c_a8ae5f82613f,Cheryl Ladd,16,1,16,15,1
31,1,R_plus,average_rank,c_ae6bf360c8a4,Charli D'Amelio,16,1,16,15,1
31,1,R_plus,average_rank,c_c71ddf354ea3,Wayne Brady,16,1,16,15,1
31,1,R_plus,average_rank,c_e7b82e520741,Vinny Guadagnino,16,1,16,15,1
31,1,R_plus,average_rank,c_f35311773a50,Shangela,16,1,16,15,1
31,1,R_plus,average_rank,c_f437cc468edb,Sam Champion,16,1,16,15,1
31,1,R_plus,average_rank,c_fa7ed2d79dc9,Teresa Giudice,16,1,16,15,1
31,1,R_plus,average_rank,c_ff3d5df7f1dc,Trevor Donovan,16,1,16,15,1
31,2,R_plus,average_rank,c_0d5a2f599184,Jessie James Decker,15,1,15,14,1
31,2,R_plus,average_rank,c_1159095f4a06,Daniel Durant,15,1,15,14,1
31,2,R_plus,average_rank,c_41dbb7e37c3f,Jordin Sparks,15,1,15,14,1
31,2,R_plus,average_rank,c_4576c1e717de,Joseph Baena,15,1,15,14,1
31,2,R_plus,average_rank,c_4690169597bc,Heidi D'Amelio,15,1,15,14,1
31,2,R_plus,average_rank,c_6e2b2aba7b11,Selma Blair,15,1,15,14,1
31,2,R_plus,average_rank,c_90c817bb5500,Gabby Windey,15,1,15,14,1
31,2,R_plus,average_rank,c_a8ae5f82613f,Cheryl Ladd,15,1,15,14,1
31,2,R_plus,average_rank,c_ae6bf360c8a4,Charli D'Amelio,15,1,15,14,1
31,2,R_plus,average_rank,c_c71ddf354ea3,Wayne Brady,15,1,15,14,1
31,2,R_plus,average_rank,c_e7b82e520741,Vinny Guadagnino,15,1,15,14,1
31,2,R_plus,average_rank,c_f35311773a50,Shangela,15,1,15,14,1
31,2,R_plus,average_rank,c_f437cc468edb,Sam Champion,15,1,15,14,1
31,2,R_plus,average_rank,c_fa7ed2d79dc9,Teresa Giudice,15,2,15,13,0.928571428571
31,2,R_plus,average_rank,c_ff3d5df7f1dc,Trevor Donovan,15,1,15,14,1
31,3,R_plus,average_rank,c_0d5a2f599184,Jessie James Decker,14,1,14,13,1
31,3,R_plus,average_rank,c_1159095f4a06,Daniel Durant,14,1,14,13,1
31,3,R_plus,average_rank,c_41dbb7e37c3f,Jordin Sparks,14,1,14,13,1
31,3,R_plus,average_rank,c_4576c1e717de,Joseph Baena,14,1,14,13,1
31,3,R_plus,average_rank,c_4690169597bc,Heidi D'Amelio,14,1,14,13,1
31,3,R_plus,average_rank,c_6e2b2aba7b11,Selma Blair,14,1,14,13,1
31,3,R_plus,average_rank,c_90c817bb5500,Gabby Windey,14,1,14,13,1
31,3,R_plus,average_rank,c_a8ae5f82613f,Cheryl Ladd,14,2,14,12,0.923076923077
31,3,R_plus,average_rank,c_ae6bf360c8a4,Charli D'Amelio,14,1,14,13,1
31,3,R_plus,average_rank,c_c71ddf354ea3,Wayne Brady,14,1,14,13,1
31,3,R_plus,average_rank,c_e7b82e520741,Vinny Guadagnino,14,1,14,13,1
31,3,R_plus,average_rank,c_f35311773a50,Shangela,14,1,14,13,1
31,3,R_plus,average_rank,c_f437cc468edb,Sam Champion,14,1,14,13,1
31,3,R_plus,average_rank,c_ff3d5df7f1dc,Trevor Donovan,14,1,14,13,1
31,4,R_plus,average_rank,c_0d5a2f599184,Jessie James Decker,13,1,13,12,1
31,4,R_plus,average_rank,c_1159095f4a06,Daniel Durant,13,1,13,12,1
31,4,R_plus,average_rank,c_41dbb7e37c3f,Jordin Sparks,13,1,13,12,1
31,4,R_plus,average_rank,c_4576c1e717de,Joseph Baena,13,1,13,12,1
31,4,R_plus,average_rank,c_4690169597bc,Heidi D'Amelio,13,1,13,12,1
31,4,R_plus,average_rank,c_6e2b2aba7b11,Selma Blair,13,1,13,12,1
31,4,R_plus,average_rank,c_90c817bb5500,Gabby Windey,13,1,13,12,1
31,4,R_plus,average_rank,c_ae6bf360c8a4,Charli D'Amelio,13,1,13,12,1
31,4,R_plus,average_rank,c_c71ddf354ea3,Wayne Brady,13,1,13,12,1
31,4,R_plus,average_rank,c_e7b82e520741,Vinny Guadagnino,13,1,13,12,1
31,4,R_plus,average_rank,c_f35311773a50,Shangela,13,1,13,12,1
31,4,R_plus,average_rank,c_f437cc468edb,Sam Champion,13,1,13,12,1
31,4,R_plus,average_rank,c_ff3d5df7f1dc,Trevor Donovan,13,1,13,12,1
31,5,R_plus,average_rank,c_0d5a2f599184,Jessie James Decker,12,1,12,11,1
31,5,R_plus,average_rank,c_1159095f4a06,Daniel Durant,12,1,12,11,1
31,5,R_plus,average_rank,c_41dbb7e37c3f,Jordin Sparks,12,1,12,11,1
31,5,R_plus,average_rank,c_4576c1e717de,Joseph Baena,12,3,12,9,0.818181818182
31,5,R_plus,average_rank,c_4690169597bc,Heidi D'Amelio,12,1,12,11,1
31,5,R_plus,average_rank,c_6e2b2aba7b11,Selma Blair,12,1,12,11,1
31,5,R_plus,average_rank,c_90c817bb5500,Gabby Windey,12,1,12,11,1
31,5,R_plus,average_rank,c_ae6bf360c8a4,Charli D'Amelio,12,1,12,11,1
31,5,R_plus,average_rank,c_c71ddf354ea3,Wayne Brady,12,1,12,11,1
31,5,R_plus,average_rank,c_e7b82e520741,Vinny Guadagnino,12,1,12,11,1
31,5,R_plus,average_rank,c_f35311773a50,Shangela,12,1,12,11,1
31,5,R_plus,average_rank,c_ff3d5df7f1dc,Trevor Donovan,12,1,12,11,1
31,6,R_plus,average_rank,c_0d5a2f599184,Jessie James Decker,10,3,10,7,0.777777777778
31,6,R_plus,average_rank,c_1159095f4a06,Daniel Durant,10,1,10,9,1
31,6,R_plus,average_rank,c_41dbb7e37c3f,Jordin Sparks,10,1,10,9,1
31,6,R_plus,average_rank,c_4690169597bc,Heidi D'Amelio,10,1,10,9,1
31,6,R_plus,average_rank,c_90c817bb5500,Gabby Windey,10,1,10,9,1
31,6,R_plus,average_rank,c_ae6bf360c8a4,Charli D'Amelio,10,1,10,9,1
31,6,R_plus,average_rank,c_c71ddf354ea3,Wayne Brady,10,1,10,9,1
31,6,R_plus,average_rank,c_e7b82e520741,Vinny Guadagnino,10,1,10,9,1
31,6,R_plus,average_rank,c_f35311773a50,Shangela,10,1,10,9,1
31,6,R_plus,average_rank,c_ff3d5df7f1dc,Trevor Donovan,10,1,10,9,1
31,7,R_plus,average_rank,c_1159095f4a06,Daniel Durant,9,1,9,8,1
31,7,R_plus,average_rank,c_41dbb7e37c3f,Jordin Sparks,9,2,9,7,0.875
31,7,R_plus,average_rank,c_4690169597bc,Heidi D'Amelio,9,1,9,8,1
31,7,R_plus,average_rank,c_90c817bb5500,Gabby Windey,9,1,9,8,1
31,7,R_plus,average_rank,c_ae6bf360c8a4,Charli D'Amelio,9,1,9,8,1
31,7,R_plus,average_rank,c_c71ddf354ea3,Wayne Brady,9,1,9,8,1
31,7,R_plus,average_rank,c_e7b82e520741,Vinny Guadagnino,9,1,9,8,1
31,7,R_plus,average_rank,c_f35311773a50,Shangela,9,1,9,8,1
31,7,R_plus,average_rank,c_ff3d5df7f1dc,Trevor Donovan,9,1,9,8,1
31,8,R_plus,average_rank,c_1159095f4a06,Daniel Durant,8,1,8,7,1
31,8,R_plus,average_rank,c_4690169597bc,Heidi D'Amelio,8,1,8,7,1
31,8,R_plus,average_rank,c_90c817bb5500,Gabby Windey,8,1,8,7,1
31,8,R_plus,average_rank,c_ae6bf360c8a4,Charli D'Amelio,8,1,8,7,1
31,8,R_plus,average_rank,c_c71ddf354ea3,Wayne Brady,8,1,8,7,1
31,8,R_plus,average_rank,c_e7b82e520741,Vinny Guadagnino,8,1,8,7,1
31,8,R_plus,average_rank,c_f35311773a50,Shangela,8,1,8,7,1
31,8,R_plus,average_rank,c_ff3d5df7f1dc,Trevor Donovan,8,1,8,7,1
31,9,R_plus,average_rank,c_1159095f4a06,Daniel Durant,6,1,6,5,1
31,9,R_plus,average_rank,c_90c817bb5500,Gabby Windey,6,1,6,5,1
31,9,R_plus,average_rank,c_ae6bf360c8a4,Charli D'Amelio,6,1,6,5,1
31,9,R_plus,average_rank,c_c71ddf354ea3,Wayne Brady,6,1,6,5,1
31,9,R_plus,average_rank,c_f35311773a50,Shangela,6,1,6,5,1
31,9,R_plus,average_rank,c_ff3d5df7f1dc,Trevor Donovan,6,1,6,5,1
31,10,R_plus,average_rank,c_90c817bb5500,Gabby Windey,4,2,4,2,0.666666666667
31,10,R_plus,average_rank,c_ae6bf360c8a4,Charli D'Amelio,4,1,2,1,0.333333333333
31,10,R_plus,average_rank,c_c71ddf354ea3,Wayne Brady,4,1,3,2,0.666666666667
31,10,R_plus,average_rank,c_f35311773a50,Shangela,4,3,4,1,0.333333333333
32,1,R_plus,average_rank,c_0a8f3cc88fa8,Barry Williams,14,1,14,13,1
32,1,R_plus,average_rank,c_0ffc9580e137,Harry Jowsey,14,1,14,13,1
32,1,R_plus,average_rank,c_1532158d2c60,Tyson Beckford,14,1,14,13,1
32,1,R_plus,average_rank,c_274415f91128,Adrian Peterson,14,1,14,13,1
32,1,R_plus,average_rank,c_39f33002c42d,Ariana Madix,14,1,14,13,1
32,1,R_plus,average_rank,c_3d3cd78d89be,Jamie Lynn Spears,14,1,14,13,1
32,1,R_plus,average_rank,c_443de94b524e,Jason Mraz,14,1,14,13,1
32,1,R_plus,average_rank,c_6c0cfc3d0044,Alyson Hannigan,14,1,14,13,1
32,1,R_plus,average_rank,c_6f7b072fccfc,Charity Lawson,14,1,14,13,1
32,1,R_plus,average_rank,c_aa522d7fe14c,Mira Sorvino,14,1,14,13,1
32,1,R_plus,average_rank,c_b615d6f6278a,Mauricio Umansky,14,1,14,13,1
32,1,R_plus,average_rank,c_cedad300d876,Xochitl Gomez,14,1,14,13,1
32,1,R_plus,average_rank,c_e4d906b28d73,Lele Pons,14,1,14,13,1
32,1,R_plus,average_rank,c_e9b2531b6284,Matt Walsh,14,2,14,12,0.923076923077
32,2,R_plus,average_rank,c_0a8f3cc88fa8,Barry Williams,13,1,13,12,1
32,2,R_plus,average_rank,c_0ffc9580e137,Harry Jowsey,13,1,13,12,1
32,2,R_plus,average_rank,c_1532158d2c60,Tyson Beckford,13,1,13,12,1
32,2,R_plus,average_rank,c_274415f91128,Adrian Peterson,13,1,13,12,1
32,2,R_plus,average_rank,c_39f33002c42d,Ariana Madix,13,1,13,12,1
32,2,R_plus,average_rank,c_3d3cd78d89be,Jamie Lynn Spears,13,5,13,8,0.666666666667
32,2,R_plus,average_rank,c_443de94b524e,Jason Mraz,13,1,13,12,1
32,2,R_plus,average_rank,c_6c0cfc3d0044,Alyson Hannigan,13,1,13,12,1
32,2,R_plus,average_rank,c_6f7b072fccfc,Charity Lawson,13,1,13,12,1
32,2,R_plus,average_rank,c_aa522d7fe14c,Mira Sorvino,13,1,13,12,1
32,2,R_plus,average_rank,c_b615d6f6278a,Mauricio Umansky,13,1,13,12,1
32,2,R_plus,average_rank,c_cedad300d876,Xochitl Gomez,13,1,13,12,1
32,2,R_plus,average_rank,c_e4d906b28d73,Lele Pons,13,1,13,12,1
32,3,R_plus,average_rank,c_0a8f3cc88fa8,Barry Williams,12,1,12,11,1
32,3,R_plus,average_rank,c_0ffc9580e137,Harry Jowsey,12,1,12,11,1
32,3,R_plus,average_rank,c_1532158d2c60,Tyson Beckford,12,1,12,11,1
32,3,R_plus,average_rank,c_274415f91128,Adrian Peterson,12,1,12,11,1
32,3,R_plus,average_rank,c_39f33002c42d,Ariana Madix,12,1,12,11,1
32,3,R_plus,average_rank,c_443de94b524e,Jason Mraz,12,1,12,11,1
32,3,R_plus,average_rank,c_6c0cfc3d0044,Alyson Hannigan,12,1,12,11,1
32,3,R_plus,average_rank,c_6f7b072fccfc,Charity Lawson,12,1,12,11,1
32,3,R_plus,average_rank,c_aa522d7fe14c,Mira Sorvino,12,1,12,11,1
32,3,R_plus,average_rank,c_b615d6f6278a,Mauricio Umansky,12,1,12,11,1
32,3,R_plus,average_rank,c_cedad300d876,Xochitl Gomez,12,1,12,11,1
32,3,R_plus,average_rank,c_e4d906b28d73,Lele Pons,12,1,12,11,1
32,4,R_plus,average_rank,c_0a8f3cc88fa8,Barry Williams,11,1,11,10,1
32,4,R_plus,average_rank,c_0ffc9580e137,Harry Jowsey,11,1,11,10,1
32,4,R_plus,average_rank,c_274415f91128,Adrian Peterson,11,5,11,6,0.6
32,4,R_plus,average_rank,c_39f33002c42d,Ariana Madix,11,1,11,10,1
32,4,R_plus,average_rank,c_443de94b524e,Jason Mraz,11,1,11,10,1
32,4,R_plus,average_rank,c_6c0cfc3d0044,Alyson Hannigan,11,1,11,10,1
32,4,R_plus,average_rank,c_6f7b072fccfc,Charity Lawson,11,1,11,10,1
32,4,R_plus,average_rank,c_aa522d7fe14c,Mira Sorvino,11,1,11,10,1
32,4,R_plus,average_rank,c_b615d6f6278a,Mauricio Umansky,11,1,11,10,1
32,4,R_plus,average_rank,c_cedad300d876,Xochitl Gomez,11,1,11,10,1
32,4,R_plus,average_rank,c_e4d906b28d73,Lele Pons,11,1,11,10,1
32,5,R_plus,average_rank,c_0a8f3cc88fa8,Barry Williams,10,1,10,9,1
32,5,R_plus,average_rank,c_0ffc9580e137,Harry Jowsey,10,1,10,9,1
32,5,R_plus,average_rank,c_39f33002c42d,Ariana Madix,10,1,10,9,1
32,5,R_plus,average_rank,c_443de94b524e,Jason Mraz,10,1,10,9,1
32,5,R_plus,average_rank,c_6c0cfc3d0044,Alyson Hannigan,10,1,10,9,1
32,5,R_plus,average_rank,c_6f7b072fccfc,Charity Lawson,10,1,10,9,1
32,5,R_plus,average_rank,c_aa522d7fe14c,Mira Sorvino,10,4,10,6,0.666666666667
32,5,R_plus,average_rank,c_b615d6f6278a,Mauricio Umansky,10,1,10,9,1
32,5,R_plus,average_rank,c_cedad300d876,Xochitl Gomez,10,1,10,9,1
32,5,R_plus,average_rank,c_e4d906b28d73,Lele Pons,10,1,10,9,1
32,6,R_plus,average_rank,c_0a8f3cc88fa8,Barry Williams,9,1,9,8,1
32,6,R_plus,average_rank,c_0ffc9580e137,Harry Jowsey,9,1,9,8,1
32,6,R_plus,average_rank,c_39f33002c42d,Ariana Madix,9,1,9,8,1
32,6,R_plus,average_rank,c_443de94b524e,Jason Mraz,9,1,9,8,1
32,6,R_plus,average_rank,c_6c0cfc3d0044,Alyson Hannigan,9,1,9,8,1
32,6,R_plus,average_rank,c_6f7b072fccfc,Charity Lawson,9,1,9,8,1
32,6,R_plus,average_rank,c_b615d6f6278a,Mauricio Umansky,9,3,9,6,0.75
32,6,R_plus,average_rank,c_cedad300d876,Xochitl Gomez,9,1,9,8,1
32,6,R_plus,average_rank,c_e4d906b28d73,Lele Pons,9,1,9,8,1
32,7,R_plus,average_rank,c_0a8f3cc88fa8,Barry Williams,8,1,8,7,1
32,7,R_plus,average_rank,c_0ffc9580e137,Harry Jowsey,8,1,8,7,1
32,7,R_plus,average_rank,c_39f33002c42d,Ariana Madix,8,1,8,7,1
32,7,R_plus,average_rank,c_443de94b524e,Jason Mraz,8,1,8,7,1
32,7,R_plus,average_rank,c_6c0cfc3d0044,Alyson Hannigan,8,1,8,7,1
32,7,R_plus,average_rank,c_6f7b072fccfc,Charity Lawson,8,1,8,7,1
32,7,R_plus,average_rank,c_cedad300d876,Xochitl Gomez,8,1,8,7,1
32,7,R_plus,average_rank,c_e4d906b28d73,Lele Pons,8,6,8,2,0.285714285714
32,8,R_plus,average_rank,c_0a8f3cc88fa8,Barry Williams,7,2,7,5,0.833333333333
32,8,R_plus,average_rank,c_0ffc9580e137,Harry Jowsey,7,1,7,6,1
32,8,R_plus,average_rank,c_39f33002c42d,Ariana Madix,7,1,7,6,1
32,8,R_plus,average_rank,c_443de94b524e,Jason Mraz,7,1,7,6,1
32,8,R_plus,average_rank,c_6c0cfc3d0044,Alyson Hannigan,7,1,7,6,1
32,8,R_plus,average_rank,c_6f7b072fccfc,Charity Lawson,7,1,7,6,1
32,8,R_plus,average_rank,c_cedad300d876,Xochitl Gomez,7,1,7,6,1
32,9,R_plus,average_rank,c_0ffc9580e137,Harry Jowsey,6,1,6,5,1
32,9,R_plus,average_rank,c_39f33002c42d,Ariana Madix,6,1,6,5,1
32,9,R_plus,average_rank,c_443de94b524e,Jason Mraz,6,1,6,5,1
32,9,R_plus,average_rank,c_6c0cfc3d0044,Alyson Hannigan,6,1,6,5,1
32,9,R_plus,average_rank,c_6f7b072fccfc,Charity Lawson,6,1,6,5,1
32,9,R_plus,average_rank,c_cedad300d876,Xochitl Gomez,6,1,6,5,1
32,10,R_plus,average_rank,c_39f33002c42d,Ariana Madix,5,1,5,4,1
32,10,R_plus,average_rank,c_443de94b524e,Jason Mraz,5,1,5,4,1
32,10,R_plus,average_rank,c_6c0cfc3d0044,Alyson Hannigan,5,1,5,4,1
32,10,R_plus,average_rank,c_6f7b072fccfc,Charity Lawson,5,1,5,4,1
32,10,R_plus,average_rank,c_cedad300d876,Xochitl Gomez,5,1,5,4,1
32,11,R_plus,average_rank,c_39f33002c42d,Ariana Madix,5,1,3,2,0.5
32,11,R_plus,average_rank,c_443de94b524e,Jason Mraz,5,2,4,2,0.5
32,11,R_plus,average_rank,c_6c0cfc3d0044,Alyson Hannigan,5,4,5,1,0.25
32,11,R_plus,average_rank,c_6f7b072fccfc,Charity Lawson,5,3,5,2,0.5
32,11,R_plus,average_rank,c_cedad300d876,Xochitl Gomez,5,1,2,1,0.25
33,1,R_plus,average_rank,c_03f1c95186f0,Ilona Maher,13,1,13,12,1
33,1,R_plus,average_rank,c_070ccb9d48f3,Stephen Nedoroscik,13,1,13,12,1
33,1,R_plus,average_rank,c_38506bf4386f,Dwight Howard ,13,1,13,12,1
33,1,R_plus,average_rank,c_4416c492447c,Jenn Tran,13,1,13,12,1
33,1,R_plus,average_rank,c_50d8f7334ef2,Anna Delvey,13,1,13,12,1
33,1,R_plus,average_rank,c_548bd4dd6577,Danny Amendola,13,1,13,12,1
33,1,R_plus,average_rank,c_6c369becca5b,Eric Roberts,13,1,13,12,1
33,1,R_plus,average_rank,c_81ba1a15bc54,Brooks Nader,13,1,13,12,1
33,1,R_plus,average_rank,c_826d53336104,Chandler Kinney,13,1,13,12,1
33,1,R_plus,average_rank,c_905d57e778cf,Joey Graziadei,13,1,13,12,1
33,1,R_plus,average_rank,c_a6a0da2a459b,Tori Spelling,13,1,13,12,1
33,1,R_plus,average_rank,c_c4be83201a36,Phaedra Parks,13,1,13,12,1
33,1,R_plus,average_rank,c_df16a54cb13c,Reginald VelJohnson,13,1,13,12,1
33,2,R_plus,average_rank,c_03f1c95186f0,Ilona Maher,13,1,13,12,1
33,2,R_plus,average_rank,c_070ccb9d48f3,Stephen Nedoroscik,13,1,13,12,1
33,2,R_plus,average_rank,c_38506bf4386f,Dwight Howard ,13,1,13,12,1
33,2,R_plus,average_rank,c_4416c492447c,Jenn Tran,13,1,13,12,1
33,2,R_plus,average_rank,c_50d8f7334ef2,Anna Delvey,13,3,13,10,0.833333333333
33,2,R_plus,average_rank,c_548bd4dd6577,Danny Amendola,13,1,13,12,1
33,2,R_plus,average_rank,c_6c369becca5b,Eric Roberts,13,1,13,12,1
33,2,R_plus,average_rank,c_81ba1a15bc54,Brooks Nader,13,1,13,12,1
33,2,R_plus,average_rank,c_826d53336104,Chandler Kinney,13,1,13,12,1
33,2,R_plus,average_rank,c_905d57e778cf,Joey Graziadei,13,1,13,12,1
33,2,R_plus,average_rank,c_a6a0da2a459b,Tori Spelling,13,4,13,9,0.75
33,2,R_plus,average_rank,c_c4be83201a36,Phaedra Parks,13,1,13,12,1
33,2,R_plus,average_rank,c_df16a54cb13c,Reginald VelJohnson,13,1,13,12,1
33,3,R_plus,average_rank,c_03f1c95186f0,Ilona Maher,11,1,11,10,1
33,3,R_plus,average_rank,c_070ccb9d48f3,Stephen Nedoroscik,11,1,11,10,1
33,3,R_plus,average_rank,c_38506bf4386f,Dwight Howard ,11,1,11,10,1
33,3,R_plus,average_rank,c_4416c492447c,Jenn Tran,11,1,11,10,1
33,3,R_plus,average_rank,c_548bd4dd6577,Danny Amendola,11,1,11,10,1
33,3,R_plus,average_rank,c_6c369becca5b,Eric Roberts,11,1,11,10,1
33,3,R_plus,average_rank,c_81ba1a15bc54,Brooks Nader,11,1,11,10,1
33,3,R_plus,average_rank,c_826d53336104,Chandler Kinney,11,1,11,10,1
33,3,R_plus,average_rank,c_905d57e778cf,Joey Graziadei,11,1,11,10,1
33,3,R_plus,average_rank,c_c4be83201a36,Phaedra Parks,11,1,11,10,1
33,3,R_plus,average_rank,c_df16a54cb13c,Reginald VelJohnson,11,1,11,10,1
33,4,R_plus,average_rank,c_03f1c95186f0,Ilona Maher,9,1,9,8,1
33,4,R_plus,average_rank,c_070ccb9d48f3,Stephen Nedoroscik,9,1,9,8,1
33,4,R_plus,average_rank,c_38506bf4386f,Dwight Howard ,9,1,9,8,1
33,4,R_plus,average_rank,c_4416c492447c,Jenn Tran,9,1,9,8,1
33,4,R_plus,average_rank,c_548bd4dd6577,Danny Amendola,9,1,9,8,1
33,4,R_plus,average_rank,c_81ba1a15bc54,Brooks Nader,9,5,9,4,0.5
33,4,R_plus,average_rank,c_826d53336104,Chandler Kinney,9,1,9,8,1
33,4,R_plus,average_rank,c_905d57e778cf,Joey Graziadei,9,1,9,8,1
33,4,R_plus,average_rank,c_c4be83201a36,Phaedra Parks,9,1,9,8,1
33,5,R_plus,average_rank,c_03f1c95186f0,Ilona Maher,8,1,8,7,1
33,5,R_plus,average_rank,c_070ccb9d48f3,Stephen Nedoroscik,8,1,8,7,1
33,5,R_plus,average_rank,c_38506bf4386f,Dwight Howard ,8,1,8,7,1
33,5,R_plus,average_rank,c_4416c492447c,Jenn Tran,8,1,8,7,1
33,5,R_plus,average_rank,c_548bd4dd6577,Danny Amendola,8,1,8,7,1
33,5,R_plus,average_rank,c_826d53336104,Chandler Kinney,8,1,8,7,1
33,5,R_plus,average_rank,c_905d57e778cf,Joey Graziadei,8,1,8,7,1
33,5,R_plus,average_rank,c_c4be83201a36,Phaedra Parks,8,2,8,6,0.857142857143
33,6,R_plus,average_rank,c_03f1c95186f0,Ilona Maher,7,1,7,6,1
33,6,R_plus,average_rank,c_070ccb9d48f3,Stephen Nedoroscik,7,1,7,6,1
33,6,R_plus,average_rank,c_38506bf4386f,Dwight Howard ,7,1,7,6,1
33,6,R_plus,average_rank,c_4416c492447c,Jenn Tran,7,4,7,3,0.5
33,6,R_plus,average_rank,c_548bd4dd6577,Danny Amendola,7,1,7,6,1
33,6,R_plus,average_rank,c_826d53336104,Chandler Kinney,7,1,7,6,1
33,6,R_plus,average_rank,c_905d57e778cf,Joey Graziadei,7,1,7,6,1
33,7,R_plus,average_rank,c_03f1c95186f0,Ilona Maher,6,1,6,5,1
33,7,R_plus,average_rank,c_070ccb9d48f3,Stephen Nedoroscik,6,1,6,5,1
33,7,R_plus,average_rank,c_38506bf4386f,Dwight Howard ,6,1,6,5,1
33,7,R_plus,average_rank,c_548bd4dd6577,Danny Amendola,6,1,6,5,1
33,7,R_plus,average_rank,c_826d53336104,Chandler Kinney,6,1,6,5,1
33,7,R_plus,average_rank,c_905d57e778cf,Joey Graziadei,6,1,6,5,1
33,8,R_plus,average_rank,c_03f1c95186f0,Ilona Maher,5,1,5,4,1
33,8,R_plus,average_rank,c_070ccb9d48f3,Stephen Nedoroscik,5,1,5,4,1
33,8,R_plus,average_rank,c_548bd4dd6577,Danny Amendola,5,1,5,4,1
33,8,R_plus,average_rank,c_826d53336104,Chandler Kinney,5,1,5,4,1
33,8,R_plus,average_rank,c_905d57e778cf,Joey Graziadei,5,1,5,4,1
33,9,R_plus,average_rank,c_03f1c95186f0,Ilona Maher,5,1,2,1,0.25
33,9,R_plus,average_rank,c_070ccb9d48f3,Stephen Nedoroscik,5,3,5,2,0.5
33,9,R_plus,average_rank,c_548bd4dd6577,Danny Amendola,5,3,5,2,0.5
33,9,R_plus,average_rank,c_826d53336104,Chandler Kinney,5,4,5,1,0.25
33,9,R_plus,average_rank,c_905d57e778cf,Joey Graziadei,5,1,2,1,0.25
34,1,R_plus,average_rank,c_006ccbcbd9a7,Robert Irwin,14,1,14,13,1
34,1,R_plus,average_rank,c_014c25f27383,Jordan Chiles,14,1,14,13,1
34,1,R_plus,average_rank,c_040942d5a49f,Alix Earle,14,1,14,13,1
34,1,R_plus,average_rank,c_396787e341a0,Lauren Jauregui,14,1,14,13,1
34,1,R_plus,average_rank,c_54b5a8c2dda4,Elaine Hendrix,14,1,14,13,1
34,1,R_plus,average_rank,c_5758002db999,Corey Feldman,14,1,14,13,1
34,1,R_plus,average_rank,c_6100473f60b8,Hilaria Baldwin,14,1,14,13,1
34,1,R_plus,average_rank,c_68b9b2405657,Dylan Efron,14,1,14,13,1
34,1,R_plus,average_rank,c_6c95904f8723,Baron Davis,14,1,14,13,1
34,1,R_plus,average_rank,c_84e2c0dbe1b3,Andy Richter,14,1,14,13,1
34,1,R_plus,average_rank,c_8a97cf9ea7ff,Danielle Fishel,14,1,14,13,1
34,1,R_plus,average_rank,c_97d9dc87a3ff,Whitney Leavitt,14,1,14,13,1
34,1,R_plus,average_rank,c_b67c79ae64a7,Jen Affleck,14,1,14,13,1
34,1,R_plus,average_rank,c_c08381fdf058,Scott Hoying,14,1,14,13,1
34,2,R_plus,average_rank,c_006ccbcbd9a7,Robert Irwin,14,1,14,13,1
34,2,R_plus,average_rank,c_014c25f27383,Jordan Chiles,14,1,14,13,1
34,2,R_plus,average_rank,c_040942d5a49f,Alix Earle,14,1,14,13,1
34,2,R_plus,average_rank,c_396787e341a0,Lauren Jauregui,14,1,14,13,1
34,2,R_plus,average_rank,c_54b5a8c2dda4,Elaine Hendrix,14,1,14,13,1
34,2,R_plus,average_rank,c_5758002db999,Corey Feldman,14,1,14,13,1
34,2,R_plus,average_rank,c_6100473f60b8,Hilaria Baldwin,14,1,14,13,1
34,2,R_plus,average_rank,c_68b9b2405657,Dylan Efron,14,1,14,13,1
34,2,R_plus,average_rank,c_6c95904f8723,Baron Davis,14,3,14,11,0.846153846154
34,2,R_plus,average_rank,c_84e2c0dbe1b3,Andy Richter,14,1,14,13,1
34,2,R_plus,average_rank,c_8a97cf9ea7ff,Danielle Fishel,14,1,14,13,1
34,2,R_plus,average_rank,c_97d9dc87a3ff,Whitney Leavitt,14,1,14,13,1
34,2,R_plus,average_rank,c_b67c79ae64a7,Jen Affleck,14,1,14,13,1
34,2,R_plus,average_rank,c_c08381fdf058,Scott Hoying,14,1,14,13,1
34,3,R_plus,average_rank,c_006ccbcbd9a7,Robert Irwin,12,1,12,11,1
34,3,R_plus,average_rank,c_014c25f27383,Jordan Chiles,12,1,12,11,1
34,3,R_plus,average_rank,c_040942d5a49f,Alix Earle,12,1,12,11,1
34,3,R_plus,average_rank,c_396787e341a0,Lauren Jauregui,12,2,12,10,0.909090909091
34,3,R_plus,average_rank,c_54b5a8c2dda4,Elaine Hendrix,12,1,12,11,1
34,3,R_plus,average_rank,c_6100473f60b8,Hilaria Baldwin,12,1,12,11,1
34,3,R_plus,average_rank,c_68b9b2405657,Dylan Efron,12,1,12,11,1
34,3,R_plus,average_rank,c_84e2c0dbe1b3,Andy Richter,12,1,12,11,1
34,3,R_plus,average_rank,c_8a97cf9ea7ff,Danielle Fishel,12,1,12,11,1
34,3,R_plus,average_rank,c_97d9dc87a3ff,Whitney Leavitt,12,1,12,11,1
34,3,R_plus,average_rank,c_b67c79ae64a7,Jen Affleck,12,1,12,11,1
34,3,R_plus,average_rank,c_c08381fdf058,Scott Hoying,12,1,12,11,1
34,4,R_plus,average_rank,c_006ccbcbd9a7,Robert Irwin,11,1,11,10,1
34,4,R_plus,average_rank,c_014c25f27383,Jordan Chiles,11,1,11,10,1
34,4,R_plus,average_rank,c_040942d5a49f,Alix Earle,11,1,11,10,1
34,4,R_plus,average_rank,c_54b5a8c2dda4,Elaine Hendrix,11,1,11,10,1
34,4,R_plus,average_rank,c_6100473f60b8,Hilaria Baldwin,11,6,11,5,0.5
34,4,R_plus,average_rank,c_68b9b2405657,Dylan Efron,11,1,11,10,1
34,4,R_plus,average_rank,c_84e2c0dbe1b3,Andy Richter,11,1,11,10,1
34,4,R_plus,average_rank,c_8a97cf9ea7ff,Danielle Fishel,11,1,11,10,1
34,4,R_plus,average_rank,c_97d9dc87a3ff,Whitney Leavitt,11,1,11,10,1
34,4,R_plus,average_rank,c_b67c79ae64a7,Jen Affleck,11,1,11,10,1
34,4,R_plus,average_rank,c_c08381fdf058,Scott Hoying,11,1,11,10,1
34,5,R_plus,average_rank,c_006ccbcbd9a7,Robert Irwin,10,1,10,9,1
34,5,R_plus,average_rank,c_014c25f27383,Jordan Chiles,10,1,10,9,1
34,5,R_plus,average_rank,c_040942d5a49f,Alix Earle,10,1,10,9,1
34,5,R_plus,average_rank,c_54b5a8c2dda4,Elaine Hendrix,10,1,10,9,1
34,5,R_plus,average_rank,c_68b9b2405657,Dylan Efron,10,1,10,9,1
34,5,R_plus,average_rank,c_84e2c0dbe1b3,Andy Richter,10,1,10,9,1
34,5,R_plus,average_rank,c_8a97cf9ea7ff,Danielle Fishel,10,1,10,9,1
34,5,R_plus,average_rank,c_97d9dc87a3ff,Whitney Leavitt,10,1,10,9,1
34,5,R_plus,average_rank,c_b67c79ae64a7,Jen Affleck,10,1,10,9,1
34,5,R_plus,average_rank,c_c08381fdf058,Scott Hoying,10,1,10,9,1
34,6,R_plus,average_rank,c_006ccbcbd9a7,Robert Irwin,10,1,10,9,1
34,6,R_plus,average_rank,c_014c25f27383,Jordan Chiles,10,1,10,9,1
34,6,R_plus,average_rank,c_040942d5a49f,Alix Earle,10,1,10,9,1
34,6,R_plus,average_rank,c_54b5a8c2dda4,Elaine Hendrix,10,1,10,9,1
34,6,R_plus,average_rank,c_68b9b2405657,Dylan Efron,10,1,10,9,1
34,6,R_plus,average_rank,c_84e2c0dbe1b3,Andy Richter,10,1,10,9,1
34,6,R_plus,average_rank,c_8a97cf9ea7ff,Danielle Fishel,10,1,10,9,1
34,6,R_plus,average_rank,c_97d9dc87a3ff,Whitney Leavitt,10,1,10,9,1
34,6,R_plus,average_rank,c_b67c79ae64a7,Jen Affleck,10,1,10,9,1
34,6,R_plus,average_rank,c_c08381fdf058,Scott Hoying,10,2,10,8,0.888888888889
34,7,R_plus,average_rank,c_006ccbcbd9a7,Robert Irwin,9,1,9,8,1
34,7,R_plus,average_rank,c_014c25f27383,Jordan Chiles,9,1,9,8,1
34,7,R_plus,average_rank,c_040942d5a49f,Alix Earle,9,1,9,8,1
34,7,R_plus,average_rank,c_54b5a8c2dda4,Elaine Hendrix,9,1,9,8,1
34,7,R_plus,average_rank,c_68b9b2405657,Dylan Efron,9,1,9,8,1
34,7,R_plus,average_rank,c_84e2c0dbe1b3,Andy Richter,9,1,9,8,1
34,7,R_plus,average_rank,c_8a97cf9ea7ff,Danielle Fishel,9,1,9,8,1
34,7,R_plus,average_rank,c_97d9dc87a3ff,Whitney Leavitt,9,1,9,8,1
34,7,R_plus,average_rank,c_b67c79ae64a7,Jen Affleck,9,3,9,6,0.75
34,8,R_plus,average_rank,c_006ccbcbd9a7,Robert Irwin,8,1,8,7,1
34,8,R_plus,average_rank,c_014c25f27383,Jordan Chiles,8,1,8,7,1
34,8,R_plus,average_rank,c_040942d5a49f,Alix Earle,8,1,8,7,1
34,8,R_plus,average_rank,c_54b5a8c2dda4,Elaine Hendrix,8,1,8,7,1
34,8,R_plus,average_rank,c_68b9b2405657,Dylan Efron,8,1,8,7,1
34,8,R_plus,average_rank,c_84e2c0dbe1b3,Andy Richter,8,1,8,7,1
34,8,R_plus,average_rank,c_8a97cf9ea7ff,Danielle Fishel,8,2,8,6,0.857142857143
34,8,R_plus,average_rank,c_97d9dc87a3ff,Whitney Leavitt,8,1,8,7,1
34,9,R_plus,average_rank,c_006ccbcbd9a7,Robert Irwin,7,1,7,6,1
34,9,R_plus,average_rank,c_014c25f27383,Jordan Chiles,7,1,7,6,1
34,9,R_plus,average_rank,c_040942d5a49f,Alix Earle,7,1,7,6,1
34,9,R_plus,average_rank,c_54b5a8c2dda4,Elaine Hendrix,7,1,7,6,1
34,9,R_plus,average_rank,c_68b9b2405657,Dylan Efron,7,1,7,6,1
34,9,R_plus,average_rank,c_84e2c0dbe1b3,Andy Richter,7,1,7,6,1
34,9,R_plus,average_rank,c_97d9dc87a3ff,Whitney Leavitt,7,1,7,6,1
34,10,R_plus,average_rank,c_006ccbcbd9a7,Robert Irwin,6,1,6,5,1
34,10,R_plus,average_rank,c_014c25f27383,Jordan Chiles,6,1,6,5,1
34,10,R_plus,average_rank,c_040942d5a49f,Alix Earle,6,1,6,5,1
34,10,R_plus,average_rank,c_54b5a8c2dda4,Elaine Hendrix,6,1,6,5,1
34,10,R_plus,average_rank,c_68b9b2405657,Dylan Efron,6,1,6,5,1
34,10,R_plus,average_rank,c_97d9dc87a3ff,Whitney Leavitt,6,4,6,2,0.4
34,11,R_plus,average_rank,c_006ccbcbd9a7,Robert Irwin,5,1,1,0,0
34,11,R_plus,average_rank,c_014c25f27383,Jordan Chiles,5,2,4,2,0.5
34,11,R_plus,average_rank,c_040942d5a49f,Alix Earle,5,3,5,2,0.5
34,11,R_plus,average_rank,c_54b5a8c2dda4,Elaine Hendrix,5,2,5,3,0.75
34,11,R_plus,average_rank,c_68b9b2405657,Dylan Efron,5,2,5,3,0.75
1,1,R,min_rank,c_0682911ef89b,Rachel Hunter,6,1,6,5,1
1,1,R,min_rank,c_49123aa8f5b9,John O'Hurley,6,1,6,5,1
1,1,R,min_rank,c_6137c0511f62,Trista Sutter,6,1,6,5,1
1,1,R,min_rank,c_71c2de6f33c9,Kelly Monaco,6,1,6,5,1
1,1,R,min_rank,c_b3130ebf99b2,Evander Holyfield,6,1,6,5,1
1,1,R,min_rank,c_f6318fd0c251,Joey McIntyre,6,1,6,5,1
1,2,R,min_rank,c_0682911ef89b,Rachel Hunter,6,1,6,5,1
1,2,R,min_rank,c_49123aa8f5b9,John O'Hurley,6,1,6,5,1
1,2,R,min_rank,c_6137c0511f62,Trista Sutter,6,3,6,3,0.6
1,2,R,min_rank,c_71c2de6f33c9,Kelly Monaco,6,1,5,4,0.8
1,2,R,min_rank,c_b3130ebf99b2,Evander Holyfield,6,1,4,3,0.6
1,2,R,min_rank,c_f6318fd0c251,Joey McIntyre,6,1,6,5,1
1,3,R,min_rank,c_0682911ef89b,Rachel Hunter,5,1,5,4,1
1,3,R,min_rank,c_49123aa8f5b9,John O'Hurley,5,1,5,4,1
1,3,R,min_rank,c_71c2de6f33c9,Kelly Monaco,5,1,5,4,1
1,3,R,min_rank,c_b3130ebf99b2,Evander Holyfield,5,1,5,4,1
1,3,R,min_rank,c_f6318fd0c251,Joey McIntyre,5,1,5,4,1
1,4,R,min_rank,c_0682911ef89b,Rachel Hunter,4,3,4,1,0.333333333333
1,4,R,min_rank,c_49123aa8f5b9,John O'Hurley,4,1,3,2,0.666666666667
1,4,R,min_rank,c_71c2de6f33c9,Kelly Monaco,4,1,4,3,1
1,4,R,min_rank,c_f6318fd0c251,Joey McIntyre,4,1,2,1,0.333333333333
1,5,R,min_rank,c_49123aa8f5b9,John O'Hurley,3,1,3,2,1
1,5,R,min_rank,c_71c2de6f33c9,Kelly Monaco,3,1,3,2,1
1,5,R,min_rank,c_f6318fd0c251,Joey McIntyre,3,1,3,2,1
1,6,R,min_rank,c_49123aa8f5b9,John O'Hurley,2,1,2,1,1
1,6,R,min_rank,c_71c2de6f33c9,Kelly Monaco,2,1,2,1,1
2,1,R,min_rank,c_13a7bbd24206,Giselle Fernandez,10,1,10,9,1
2,1,R,min_rank,c_177970c9c122,Kenny Mayne,10,2,10,8,0.888888888889
2,1,R,min_rank,c_3f08c95bde83,Drew Lachey,10,1,10,9,1
2,1,R,min_rank,c_4cf510a71847,Jerry Rice,10,1,10,9,1
2,1,R,min_rank,c_53e4c2aa2341,Lisa Rinna,10,1,10,9,1
2,1,R,min_rank,c_7054ec253426,Master P,10,1,9,8,0.888888888889
2,1,R,min_rank,c_7758f7fcffaf,Stacy Keibler,10,1,10,9,1
2,1,R,min_rank,c_ca6e18e948c8,Tatum O'Neal,10,1,10,9,1
2,1,R,min_rank,c_ce811e8a803f,Tia Carrere,10,1,10,9,1
2,1,R,min_rank,c_ee75a32adcd8,George Hamilton,10,1,10,9,1
2,2,R,min_rank,c_13a7bbd24206,Giselle Fernandez,9,1,9,8,1
2,2,R,min_rank,c_3f08c95bde83,Drew Lachey,9,1,9,8,1
2,2,R,min_rank,c_4cf510a71847,Jerry Rice,9,1,9,8,1
2,2,R,min_rank,c_53e4c2aa2341,Lisa Rinna,9,1,9,8,1
2,2,R,min_rank,c_7054ec253426,Master P,9,1,8,7,0.875
2,2,R,min_rank,c_7758f7fcffaf,Stacy Keibler,9,1,9,8,1
2,2,R,min_rank,c_ca6e18e948c8,Tatum O'Neal,9,2,9,7,0.875
2,2,R,min_rank,c_ce811e8a803f,Tia Carrere,9,1,9,8,1
2,2,R,min_rank,c_ee75a32adcd8,George Hamilton,9,1,9,8,1
2,3,R,min_rank,c_13a7bbd24206,Giselle Fernandez,8,4,8,4,0.571428571429
2,3,R,min_rank,c_3f08c95bde83,Drew Lachey,8,1,8,7,1
2,3,R,min_rank,c_4cf510a71847,Jerry Rice,8,1,6,5,0.714285714286
2,3,R,min_rank,c_53e4c2aa2341,Lisa Rinna,8,1,8,7,1
2,3,R,min_rank,c_7054ec253426,Master P,8,1,5,4,0.571428571429
2,3,R,min_rank,c_7758f7fcffaf,Stacy Keibler,8,1,8,7,1
2,3,R,min_rank,c_ce811e8a803f,Tia Carrere,8,1,8,7,1
2,3,R,min_rank,c_ee75a32adcd8,George Hamilton,8,1,7,6,0.857142857143
2,4,R,min_rank,c_3f08c95bde83,Drew Lachey,7,1,7,6,1
2,4,R,min_rank,c_4cf510a71847,Jerry Rice,7,1,7,6,1
2,4,R,min_rank,c_53e4c2aa2341,Lisa Rinna,7,1,7,6,1
2,4,R,min_rank,c_7054ec253426,Master P,7,1,7,6,1
2,4,R,min_rank,c_7758f7fcffaf,Stacy Keibler,7,1,7,6,1
2,4,R,min_rank,c_ce811e8a803f,Tia Carrere,7,1,7,6,1
2,4,R,min_rank,c_ee75a32adcd8,George Hamilton,7,1,7,6,1
2,5,R,min_rank,c_3f08c95bde83,Drew Lachey,6,1,6,5,1
2,5,R,min_rank,c_4cf510a71847,Jerry Rice,6,1,6,5,1
2,5,R,min_rank,c_53e4c2aa2341,Lisa Rinna,6,1,6,5,1
2,5,R,min_rank,c_7758f7fcffaf,Stacy Keibler,6,1,6,5,1
2,5,R,min_rank,c_ce811e8a803f,Tia Carrere,6,1,6,5,1
2,5,R,min_rank,c_ee75a32adcd8,George Hamilton,6,1,6,5,1
2,6,R,min_rank,c_3f08c95bde83,Drew Lachey,5,1,5,4,1
2,6,R,min_rank,c_4cf510a71847,Jerry Rice,5,1,4,3,0.75
2,6,R,min_rank,c_53e4c2aa2341,Lisa Rinna,5,1,5,4,1
2,6,R,min_rank,c_7758f7fcffaf,Stacy Keibler,5,1,5,4,1
2,6,R,min_rank,c_ee75a32adcd8,George Hamilton,5,2,5,3,0.75
2,7,R,min_rank,c_3f08c95bde83,Drew Lachey,4,1,4,3,1
2,7,R,min_rank,c_4cf510a71847,Jerry Rice,4,1,3,2,0.666666666667
2,7,R,min_rank,c_53e4c2aa2341,Lisa Rinna,4,2,4,2,0.666666666667
2,7,R,min_rank,c_7758f7fcffaf,Stacy Keibler,4,1,4,3,1
2,8,R,min_rank,c_3f08c95bde83,Drew Lachey,3,1,3,2,1
2,8,R,min_rank,c_4cf510a71847,Jerry Rice,3,1,2,1,0.5
2,8,R,min_rank,c_7758f7fcffaf,Stacy Keibler,3,2,3,1,0.5
28,1,R_plus,min_rank,c_200c4ff12963,James Van Der Beek,12,1,12,11,1
28,1,R_plus,min_rank,c_60ec454a8400,Lauren Alaina,12,1,12,11,1
28,1,R_plus,min_rank,c_6e362448efdd,Karamo Brown,12,1,12,11,1
28,1,R_plus,min_rank,c_7d1f20af7e47,Sailor Brinkley-Cook,12,1,12,11,1
28,1,R_plus,min_rank,c_97f8d8bcc4a3,Sean Spicer,12,1,12,11,1
28,1,R_plus,min_rank,c_ad0ab76e15e2,Ally Brooke,12,1,12,11,1
28,1,R_plus,min_rank,c_cd8555c4c4a3,Mary Wilson,12,1,12,11,1
28,1,R_plus,min_rank,c_d408ea6aae97,Ray Lewis,12,1,12,11,1
28,1,R_plus,min_rank,c_d78aaf5fec0f,Hannah Brown,12,1,12,11,1
28,1,R_plus,min_rank,c_dbf097fbad67,Kel Mitchell,12,1,12,11,1
28,1,R_plus,min_rank,c_ec2dfdbef29a,Kate Flannery,12,1,12,11,1
28,1,R_plus,min_rank,c_f447678289a9,Lamar Odom,12,1,12,11,1
28,2,R_plus,min_rank,c_200c4ff12963,James Van Der Beek,12,1,12,11,1
28,2,R_plus,min_rank,c_60ec454a8400,Lauren Alaina,12,1,12,11,1
28,2,R_plus,min_rank,c_6e362448efdd,Karamo Brown,12,1,12,11,1
28,2,R_plus,min_rank,c_7d1f20af7e47,Sailor Brinkley-Cook,12,1,12,11,1
28,2,R_plus,min_rank,c_97f8d8bcc4a3,Sean Spicer,12,1,12,11,1
28,2,R_plus,min_rank,c_ad0ab76e15e2,Ally Brooke,12,1,12,11,1
28,2,R_plus,min_rank,c_cd8555c4c4a3,Mary Wilson,12,1,12,11,1
28,2,R_plus,min_rank,c_d408ea6aae97,Ray Lewis,12,1,12,11,1
28,2,R_plus,min_rank,c_d78aaf5fec0f,Hannah Brown,12,1,12,11,1
28,2,R_plus,min_rank,c_dbf097fbad67,Kel Mitchell,12,1,12,11,1
28,2,R_plus,min_rank,c_ec2dfdbef29a,Kate Flannery,12,1,12,11,1
28,2,R_plus,min_rank,c_f447678289a9,Lamar Odom,12,1,12,11,1
28,3,R_plus,min_rank,c_200c4ff12963,James Van Der Beek,10,1,10,9,1
28,3,R_plus,min_rank,c_60ec454a8400,Lauren Alaina,10,1,10,9,1
28,3,R_plus,min_rank,c_6e362448efdd,Karamo Brown,10,1,10,9,1
28,3,R_plus,min_rank,c_7d1f20af7e47,Sailor Brinkley-Cook,10,1,10,9,1
28,3,R_plus,min_rank,c_97f8d8bcc4a3,Sean Spicer,10,1,10,9,1
28,3,R_plus,min_rank,c_ad0ab76e15e2,Ally Brooke,10,1,10,9,1
28,3,R_plus,min_rank,c_d78aaf5fec0f,Hannah Brown,10,1,10,9,1
28,3,R_plus,min_rank,c_dbf097fbad67,Kel Mitchell,10,1,10,9,1
28,3,R_plus,min_rank,c_ec2dfdbef29a,Kate Flannery,10,1,10,9,1
28,3,R_plus,min_rank,c_f447678289a9,Lamar Odom,10,1,10,9,1
28,4,R_plus,min_rank,c_200c4ff12963,James Van Der Beek,10,1,10,9,1
28,4,R_plus,min_rank,c_60ec454a8400,Lauren Alaina,10,1,10,9,1
28,4,R_plus,min_rank,c_6e362448efdd,Karamo Brown,10,1,10,9,1
28,4,R_plus,min_rank,c_7d1f20af7e47,Sailor Brinkley-Cook,10,1,10,9,1
28,4,R_plus,min_rank,c_97f8d8bcc4a3,Sean Spicer,10,1,10,9,1
28,4,R_plus,min_rank,c_ad0ab76e15e2,Ally Brooke,10,1,10,9,1
28,4,R_plus,min_rank,c_d78aaf5fec0f,Hannah Brown,10,1,10,9,1
28,4,R_plus,min_rank,c_dbf097fbad67,Kel Mitchell,10,1,10,9,1
28,4,R_plus,min_rank,c_ec2dfdbef29a,Kate Flannery,10,1,10,9,1
28,4,R_plus,min_rank,c_f447678289a9,Lamar Odom,10,1,10,9,1
28,5,R_plus,min_rank,c_200c4ff12963,James Van Der Beek,9,1,9,8,1
28,5,R_plus,min_rank,c_60ec454a8400,Lauren Alaina,9,1,9,8,1
28,5,R_plus,min_rank,c_6e362448efdd,Karamo Brown,9,1,9,8,1
28,5,R_plus,min_rank,c_7d1f20af7e47,Sailor Brinkley-Cook,9,1,9,8,1
28,5,R_plus,min_rank,c_97f8d8bcc4a3,Sean Spicer,9,1,9,8,1
28,5,R_plus,min_rank,c_ad0ab76e15e2,Ally Brooke,9,1,9,8,1
28,5,R_plus,min_rank,c_d78aaf5fec0f,Hannah Brown,9,1,9,8,1
28,5,R_plus,min_rank,c_dbf097fbad67,Kel Mitchell,9,1,9,8,1
28,5,R_plus,min_rank,c_ec2dfdbef29a,Kate Flannery,9,1,9,8,1
28,6,R_plus,min_rank,c_200c4ff12963,James Van Der Beek,9,1,8,7,0.875
28,6,R_plus,min_rank,c_60ec454a8400,Lauren Alaina,9,1,8,7,0.875
28,6,R_plus,min_rank,c_6e362448efdd,Karamo Brown,9,1,8,7,0.875
28,6,R_plus,min_rank,c_7d1f20af7e47,Sailor Brinkley-Cook,9,8,9,1,0.125
28,6,R_plus,min_rank,c_97f8d8bcc4a3,Sean Spicer,9,1,9,8,1
28,6,R_plus,min_rank,c_ad0ab76e15e2,Ally Brooke,9,1,8,7,0.875
28,6,R_plus,min_rank,c_d78aaf5fec0f,Hannah Brown,9,1,8,7,0.875
28,6,R_plus,min_rank,c_dbf097fbad67,Kel Mitchell,9,1,8,7,0.875
28,6,R_plus,min_rank,c_ec2dfdbef29a,Kate Flannery,9,1,8,7,0.875
28,7,R_plus,min_rank,c_200c4ff12963,James Van Der Beek,8,1,8,7,1
28,7,R_plus,min_rank,c_60ec454a8400,Lauren Alaina,8,1,8,7,1
28,7,R_plus,min_rank,c_6e362448efdd,Karamo Brown,8,2,8,6,0.857142857143
28,7,R_plus,min_rank,c_97f8d8bcc4a3,Sean Spicer,8,1,8,7,1
28,7,R_plus,min_rank,c_ad0ab76e15e2,Ally Brooke,8,1,8,7,1
28,7,R_plus,min_rank,c_d78aaf5fec0f,Hannah Brown,8,1,8,7,1
28,7,R_plus,min_rank,c_dbf097fbad67,Kel Mitchell,8,1,8,7,1
28,7,R_plus,min_rank,c_ec2dfdbef29a,Kate Flannery,8,1,8,7,1
28,8,R_plus,min_rank,c_200c4ff12963,James Van Der Beek,7,1,7,6,1
28,8,R_plus,min_rank,c_60ec454a8400,Lauren Alaina,7,1,7,6,1
28,8,R_plus,min_rank,c_97f8d8bcc4a3,Sean Spicer,7,1,7,6,1
28,8,R_plus,min_rank,c_ad0ab76e15e2,Ally Brooke,7,1,7,6,1
28,8,R_plus,min_rank,c_d78aaf5fec0f,Hannah Brown,7,1,7,6,1
28,8,R_plus,min_rank,c_dbf097fbad67,Kel Mitchell,7,1,7,6,1
28,8,R_plus,min_rank,c_ec2dfdbef29a,Kate Flannery,7,2,7,5,0.833333333333
28,9,R_plus,min_rank,c_200c4ff12963,James Van Der Beek,6,1,6,5,1
28,9,R_plus,min_rank,c_60ec454a8400,Lauren Alaina,6,1,6,5,1
28,9,R_plus,min_rank,c_97f8d8bcc4a3,Sean Spicer,6,1,6,5,1
28,9,R_plus,min_rank,c_ad0ab76e15e2,Ally Brooke,6,1,6,5,1
28,9,R_plus,min_rank,c_d78aaf5fec0f,Hannah Brown,6,1,6,5,1
28,9,R_plus,min_rank,c_dbf097fbad67,Kel Mitchell,6,1,6,5,1
28,10,R_plus,min_rank,c_200c4ff12963,James Van Der Beek,5,1,5,4,1
28,10,R_plus,min_rank,c_60ec454a8400,Lauren Alaina,5,1,5,4,1
28,10,R_plus,min_rank,c_ad0ab76e15e2,Ally Brooke,5,1,5,4,1
28,10,R_plus,min_rank,c_d78aaf5fec0f,Hannah Brown,5,1,5,4,1
28,10,R_plus,min_rank,c_dbf097fbad67,Kel Mitchell,5,1,5,4,1
28,11,R_plus,min_rank,c_60ec454a8400,Lauren Alaina,4,1,4,3,1
28,11,R_plus,min_rank,c_ad0ab76e15e2,Ally Brooke,4,3,4,1,0.333333333333
28,11,R_plus,min_rank,c_d78aaf5fec0f,Hannah Brown,4,1,2,1,0.333333333333
28,11,R_plus,min_rank,c_dbf097fbad67,Kel Mitchell,4,2,3,1,0.333333333333
29,1,R_plus,min_rank,c_070a9cf4335b,Nev Schulman,15,1,15,14,1
29,1,R_plus,min_rank,c_11dab416256e,Johnny Weir,15,1,15,14,1
29,1,R_plus,min_rank,c_249fee0c5f0e,Chrishell Stause,15,1,15,14,1
29,1,R_plus,min_rank,c_3f32d6efef34,AJ McLean,15,1,15,14,1
29,1,R_plus,min_rank,c_4a8d25406f8b,Kaitlyn Bristowe,15,1,15,14,1
29,1,R_plus,min_rank,c_573652556221,Nelly,15,1,15,14,1
29,1,R_plus,min_rank,c_65d6cab6dadb,Carole Baskin,15,1,15,14,1
29,1,R_plus,min_rank,c_74452ad09396,Anne Heche,15,1,15,14,1
29,1,R_plus,min_rank,c_753fc2e06368,Skai Jackson,15,1,15,14,1
29,1,R_plus,min_rank,c_7a0bc074d7ee,Charles Oakley,15,1,15,14,1
29,1,R_plus,min_rank,c_7c2348559a18,Veron Davis,15,1,15,14,1
29,1,R_plus,min_rank,c_823f9ca9ea5e,Monica Aldama,15,1,15,14,1
29,1,R_plus,min_rank,c_8bc88f2bc529,Justina Machado,15,1,15,14,1
29,1,R_plus,min_rank,c_8cbaf01f9030,Jesse Metcalfe,15,1,15,14,1
29,1,R_plus,min_rank,c_ace5e5d137ce,Jeannie Mai,15,1,15,14,1
29,2,R_plus,min_rank,c_070a9cf4335b,Nev Schulman,15,1,15,14,1
29,2,R_plus,min_rank,c_11dab416256e,Johnny Weir,15,1,15,14,1
29,2,R_plus,min_rank,c_249fee0c5f0e,Chrishell Stause,15,1,15,14,1
29,2,R_plus,min_rank,c_3f32d6efef34,AJ McLean,15,1,15,14,1
29,2,R_plus,min_rank,c_4a8d25406f8b,Kaitlyn Bristowe,15,1,15,14,1
29,2,R_plus,min_rank,c_573652556221,Nelly,15,1,15,14,1
29,2,R_plus,min_rank,c_65d6cab6dadb,Carole Baskin,15,1,15,14,1
29,2,R_plus,min_rank,c_74452ad09396,Anne Heche,15,1,15,14,1
29,2,R_plus,min_rank,c_753fc2e06368,Skai Jackson,15,1,15,14,1
29,2,R_plus,min_rank,c_7a0bc074d7ee,Charles Oakley,15,1,15,14,1
29,2,R_plus,min_rank,c_7c2348559a18,Veron Davis,15,1,15,14,1
29,2,R_plus,min_rank,c_823f9ca9ea5e,Monica Aldama,15,1,15,14,1
29,2,R_plus,min_rank,c_8bc88f2bc529,Justina Machado,15,1,15,14,1
29,2,R_plus,min_rank,c_8cbaf01f9030,Jesse Metcalfe,15,1,15,14,1
29,2,R_plus,min_rank,c_ace5e5d137ce,Jeannie Mai,15,1,15,14,1
29,3,R_plus,min_rank,c_070a9cf4335b,Nev Schulman,14,1,14,13,1
29,3,R_plus,min_rank,c_11dab416256e,Johnny Weir,14,1,14,13,1
29,3,R_plus,min_rank,c_249fee0c5f0e,Chrishell Stause,14,1,14,13,1
29,3,R_plus,min_rank,c_3f32d6efef34,AJ McLean,14,1,14,13,1
29,3,R_plus,min_rank,c_4a8d25406f8b,Kaitlyn Bristowe,14,1,14,13,1
29,3,R_plus,min_rank,c_573652556221,Nelly,14,1,14,13,1
29,3,R_plus,min_rank,c_65d6cab6dadb,Carole Baskin,14,1,14,13,1
29,3,R_plus,min_rank,c_74452ad09396,Anne Heche,14,1,14,13,1
29,3,R_plus,min_rank,c_753fc2e06368,Skai Jackson,14,1,14,13,1
29,3,R_plus,min_rank,c_7c2348559a18,Veron Davis,14,1,14,13,1
29,3,R_plus,min_rank,c_823f9ca9ea5e,Monica Aldama,14,1,14,13,1
29,3,R_plus,min_rank,c_8bc88f2bc529,Justina Machado,14,1,14,13,1
29,3,R_plus,min_rank,c_8cbaf01f9030,Jesse Metcalfe,14,1,14,13,1
29,3,R_plus,min_rank,c_ace5e5d137ce,Jeannie Mai,14,1,14,13,1
29,4,R_plus,min_rank,c_070a9cf4335b,Nev Schulman,13,1,13,12,1
29,4,R_plus,min_rank,c_11dab416256e,Johnny Weir,13,1,13,12,1
29,4,R_plus,min_rank,c_249fee0c5f0e,Chrishell Stause,13,1,13,12,1
29,4,R_plus,min_rank,c_3f32d6efef34,AJ McLean,13,1,13,12,1
29,4,R_plus,min_rank,c_4a8d25406f8b,Kaitlyn Bristowe,13,1,13,12,1
29,4,R_plus,min_rank,c_573652556221,Nelly,13,1,13,12,1
29,4,R_plus,min_rank,c_74452ad09396,Anne Heche,13,3,13,10,0.833333333333
29,4,R_plus,min_rank,c_753fc2e06368,Skai Jackson,13,1,13,12,1
29,4,R_plus,min_rank,c_7c2348559a18,Veron Davis,13,1,13,12,1
29,4,R_plus,min_rank,c_823f9ca9ea5e,Monica Aldama,13,1,13,12,1
29,4,R_plus,min_rank,c_8bc88f2bc529,Justina Machado,13,1,13,12,1
29,4,R_plus,min_rank,c_8cbaf01f9030,Jesse Metcalfe,13,1,13,12,1
29,4,R_plus,min_rank,c_ace5e5d137ce,Jeannie Mai,13,1,13,12,1
29,5,R_plus,min_rank,c_070a9cf4335b,Nev Schulman,12,1,12,11,1
29,5,R_plus,min_rank,c_11dab416256e,Johnny Weir,12,1,12,11,1
29,5,R_plus,min_rank,c_249fee0c5f0e,Chrishell Stause,12,1,12,11,1
29,5,R_plus,min_rank,c_3f32d6efef34,AJ McLean,12,1,12,11,1
29,5,R_plus,min_rank,c_4a8d25406f8b,Kaitlyn Bristowe,12,1,12,11,1
29,5,R_plus,min_rank,c_573652556221,Nelly,12,1,12,11,1
29,5,R_plus,min_rank,c_753fc2e06368,Skai Jackson,12,1,12,11,1
29,5,R_plus,min_rank,c_7c2348559a18,Veron Davis,12,1,12,11,1
29,5,R_plus,min_rank,c_823f9ca9ea5e,Monica Aldama,12,1,12,11,1
29,5,R_plus,min_rank,c_8bc88f2bc529,Justina Machado,12,1,12,11,1
29,5,R_plus,min_rank,c_8cbaf01f9030,Jesse Metcalfe,12,1,12,11,1
29,5,R_plus,min_rank,c_ace5e5d137ce,Jeannie Mai,12,1,12,11,1
29,6,R_plus,min_rank,c_070a9cf4335b,Nev Schulman,11,1,11,10,1
29,6,R_plus,min_rank,c_11dab416256e,Johnny Weir,11,1,11,10,1
29,6,R_plus,min_rank,c_249fee0c5f0e,Chrishell Stause,11,1,11,10,1
29,6,R_plus,min_rank,c_3f32d6efef34,AJ McLean,11,1,11,10,1
29,6,R_plus,min_rank,c_4a8d25406f8b,Kaitlyn Bristowe,11,1,11,10,1
29,6,R_plus,min_rank,c_573652556221,Nelly,11,1,11,10,1
29,6,R_plus,min_rank,c_753fc2e06368,Skai Jackson,11,1,11,10,1
29,6,R_plus,min_rank,c_7c2348559a18,Veron Davis,11,1,11,10,1
29,6,R_plus,min_rank,c_823f9ca9ea5e,Monica Aldama,11,1,11,10,1
29,6,R_plus,min_rank,c_8bc88f2bc529,Justina Machado,11,1,11,10,1
29,6,R_plus,min_rank,c_ace5e5d137ce,Jeannie Mai,11,1,11,10,1
29,7,R_plus,min_rank,c_070a9cf4335b,Nev Schulman,10,1,10,9,1
29,7,R_plus,min_rank,c_11dab416256e,Johnny Weir,10,1,10,9,1
29,7,R_plus,min_rank,c_249fee0c5f0e,Chrishell Stause,10,1,10,9,1
29,7,R_plus,min_rank,c_3f32d6efef34,AJ McLean,10,1,10,9,1
29,7,R_plus,min_rank,c_4a8d25406f8b,Kaitlyn Bristowe,10,1,10,9,1
29,7,R_plus,min_rank,c_573652556221,Nelly,10,1,10,9,1
29,7,R_plus,min_rank,c_753fc2e06368,Skai Jackson,10,1,10,9,1
29,7,R_plus,min_rank,c_823f9ca9ea5e,Monica Aldama,10,1,10,9,1
29,7,R_plus,min_rank,c_8bc88f2bc529,Justina Machado,10,1,10,9,1
29,7,R_plus,min_rank,c_ace5e5d137ce,Jeannie Mai,10,1,10,9,1
29,8,R_plus,min_rank,c_070a9cf4335b,Nev Schulman,8,1,8,7,1
29,8,R_plus,min_rank,c_11dab416256e,Johnny Weir,8,1,8,7,1
29,8,R_plus,min_rank,c_249fee0c5f0e,Chrishell Stause,8,3,8,5,0.714285714286
29,8,R_plus,min_rank,c_3f32d6efef34,AJ McLean,8,1,8,7,1
29,8,R_plus,min_rank,c_4a8d25406f8b,Kaitlyn Bristowe,8,1,8,7,1
29,8,R_plus,min_rank,c_573652556221,Nelly,8,1,8,7,1
29,8,R_plus,min_rank,c_753fc2e06368,Skai Jackson,8,1,8,7,1
29,8,R_plus,min_rank,c_8bc88f2bc529,Justina Machado,8,1,8,7,1
29,9,R_plus,min_rank,c_070a9cf4335b,Nev Schulman,7,1,7,6,1
29,9,R_plus,min_rank,c_11dab416256e,Johnny Weir,7,1,7,6,1
29,9,R_plus,min_rank,c_3f32d6efef34,AJ McLean,7,1,7,6,1
29,9,R_plus,min_rank,c_4a8d25406f8b,Kaitlyn Bristowe,7,1,7,6,1
29,9,R_plus,min_rank,c_573652556221,Nelly,7,1,7,6,1
29,9,R_plus,min_rank,c_753fc2e06368,Skai Jackson,7,1,7,6,1
29,9,R_plus,min_rank,c_8bc88f2bc529,Justina Machado,7,1,7,6,1
29,10,R_plus,min_rank,c_070a9cf4335b,Nev Schulman,6,1,6,5,1
29,10,R_plus,min_rank,c_11dab416256e,Johnny Weir,6,1,6,5,1
29,10,R_plus,min_rank,c_4a8d25406f8b,Kaitlyn Bristowe,6,1,6,5,1
29,10,R_plus,min_rank,c_573652556221,Nelly,6,1,6,5,1
29,10,R_plus,min_rank,c_753fc2e06368,Skai Jackson,6,1,6,5,1
29,10,R_plus,min_rank,c_8bc88f2bc529,Justina Machado,6,1,6,5,1
29,11,R_plus,min_rank,c_070a9cf4335b,Nev Schulman,4,3,3,0,0
29,11,R_plus,min_rank,c_4a8d25406f8b,Kaitlyn Bristowe,4,2,2,0,0
29,11,R_plus,min_rank,c_573652556221,Nelly,4,1,1,0,0
29,11,R_plus,min_rank,c_8bc88f2bc529,Justina Machado,4,4,4,0,0
30,1,R_plus,min_rank,c_04ef229c7ff0,Kenya Moore,15,1,15,14,1
30,1,R_plus,min_rank,c_1c05f6d66a3f,Matt James,15,1,15,14,1
30,1,R_plus,min_rank,c_71da7b768d6d,Jimmie Allen,15,1,15,14,1
30,1,R_plus,min_rank,c_7dbe643a5b94,Melanie C,15,1,15,14,1
30,1,R_plus,min_rank,c_84deafeeb974,Amanda Kloots,15,1,15,14,1
30,1,R_plus,min_rank,c_8b3d0c71d246,Suni Lee,15,1,15,14,1
30,1,R_plus,min_rank,c_9b015ed7e42e,Cody Rigsby,15,1,15,14,1
30,1,R_plus,min_rank,c_a71bf11ea29e,Olivia Jade,15,1,15,14,1
30,1,R_plus,min_rank,c_a72a230eaba2,Melora Hardin,15,1,15,14,1
30,1,R_plus,min_rank,c_b002034162db,Christine Chiu,15,1,15,14,1
30,1,R_plus,min_rank,c_dceaa5c7f8dd,Iman Shumpert,15,1,15,14,1
30,1,R_plus,min_rank,c_def7afb85d8e,JoJo Siwa,15,1,15,14,1
30,1,R_plus,min_rank,c_dff70a5b7575,Martin Kove,15,1,15,14,1
30,1,R_plus,min_rank,c_dffffa72652e,Brian Austin Green,15,1,15,14,1
30,1,R_plus,min_rank,c_f1e90bd6e09a,"Mike ""The Miz"" Mizanin",15,1,15,14,1
30,2,R_plus,min_rank,c_04ef229c7ff0,Kenya Moore,15,1,15,14,1
30,2,R_plus,min_rank,c_1c05f6d66a3f,Matt James,15,1,15,14,1
30,2,R_plus,min_rank,c_71da7b768d6d,Jimmie Allen,15,1,15,14,1
30,2,R_plus,min_rank,c_7dbe643a5b94,Melanie C,15,1,15,14,1
30,2,R_plus,min_rank,c_84deafeeb974,Amanda Kloots,15,1,15,14,1
30,2,R_plus,min_rank,c_8b3d0c71d246,Suni Lee,15,1,15,14,1
30,2,R_plus,min_rank,c_9b015ed7e42e,Cody Rigsby,15,1,15,14,1
30,2,R_plus,min_rank,c_a71bf11ea29e,Olivia Jade,15,1,15,14,1
30,2,R_plus,min_rank,c_a72a230eaba2,Melora Hardin,15,1,15,14,1
30,2,R_plus,min_rank,c_b002034162db,Christine Chiu,15,1,15,14,1
30,2,R_plus,min_rank,c_dceaa5c7f8dd,Iman Shumpert,15,1,15,14,1
30,2,R_plus,min_rank,c_def7afb85d8e,JoJo Siwa,15,1,15,14,1
30,2,R_plus,min_rank,c_dff70a5b7575,Martin Kove,15,1,15,14,1
30,2,R_plus,min_rank,c_dffffa72652e,Brian Austin Green,15,1,15,14,1
30,2,R_plus,min_rank,c_f1e90bd6e09a,"Mike ""The Miz"" Mizanin",15,1,15,14,1
30,3,R_plus,min_rank,c_04ef229c7ff0,Kenya Moore,14,1,14,13,1
30,3,R_plus,min_rank,c_1c05f6d66a3f,Matt James,14,1,14,13,1
30,3,R_plus,min_rank,c_71da7b768d6d,Jimmie Allen,14,1,14,13,1
30,3,R_plus,min_rank,c_7dbe643a5b94,Melanie C,14,1,14,13,1
30,3,R_plus,min_rank,c_84deafeeb974,Amanda Kloots,14,1,14,13,1
30,3,R_plus,min_rank,c_8b3d0c71d246,Suni Lee,14,1,14,13,1
30,3,R_plus,min_rank,c_9b015ed7e42e,Cody Rigsby,14,1,14,13,1
30,3,R_plus,min_rank,c_a71bf11ea29e,Olivia Jade,14,1,14,13,1
30,3,R_plus,min_rank,c_a72a230eaba2,Melora Hardin,14,1,14,13,1
30,3,R_plus,min_rank,c_b002034162db,Christine Chiu,14,7,14,7,0.538461538462
30,3,R_plus,min_rank,c_dceaa5c7f8dd,Iman Shumpert,14,1,14,13,1
30,3,R_plus,min_rank,c_def7afb85d8e,JoJo Siwa,14,1,14,13,1
30,3,R_plus,min_rank,c_dffffa72652e,Brian Austin Green,14,1,14,13,1
30,3,R_plus,min_rank,c_f1e90bd6e09a,"Mike ""The Miz"" Mizanin",14,1,14,13,1
30,4,R_plus,min_rank,c_04ef229c7ff0,Kenya Moore,13,1,13,12,1
30,4,R_plus,min_rank,c_1c05f6d66a3f,Matt James,13,1,13,12,1
30,4,R_plus,min_rank,c_71da7b768d6d,Jimmie Allen,13,1,13,12,1
30,4,R_plus,min_rank,c_7dbe643a5b94,Melanie C,13,1,13,12,1
30,4,R_plus,min_rank,c_84deafeeb974,Amanda Kloots,13,1,13,12,1
30,4,R_plus,min_rank,c_8b3d0c71d246,Suni Lee,13,1,13,12,1
30,4,R_plus,min_rank,c_9b015ed7e42e,Cody Rigsby,13,1,13,12,1
30,4,R_plus,min_rank,c_a71bf11ea29e,Olivia Jade,13,1,13,12,1
30,4,R_plus,min_rank,c_a72a230eaba2,Melora Hardin,13,1,13,12,1
30,4,R_plus,min_rank,c_dceaa5c7f8dd,Iman Shumpert,13,1,13,12,1
30,4,R_plus,min_rank,c_def7afb85d8e,JoJo Siwa,13,1,13,12,1
30,4,R_plus,min_rank,c_dffffa72652e,Brian Austin Green,13,1,13,12,1
30,4,R_plus,min_rank,c_f1e90bd6e09a,"Mike ""The Miz"" Mizanin",13,1,13,12,1
30,5,R_plus,min_rank,c_04ef229c7ff0,Kenya Moore,11,1,11,10,1
30,5,R_plus,min_rank,c_71da7b768d6d,Jimmie Allen,11,1,11,10,1
30,5,R_plus,min_rank,c_7dbe643a5b94,Melanie C,11,8,11,3,0.3
30,5,R_plus,min_rank,c_84deafeeb974,Amanda Kloots,11,1,11,10,1
30,5,R_plus,min_rank,c_8b3d0c71d246,Suni Lee,11,1,11,10,1
30,5,R_plus,min_rank,c_9b015ed7e42e,Cody Rigsby,11,1,11,10,1
30,5,R_plus,min_rank,c_a71bf11ea29e,Olivia Jade,11,1,11,10,1
30,5,R_plus,min_rank,c_a72a230eaba2,Melora Hardin,11,1,11,10,1
30,5,R_plus,min_rank,c_dceaa5c7f8dd,Iman Shumpert,11,1,11,10,1
30,5,R_plus,min_rank,c_def7afb85d8e,JoJo Siwa,11,1,11,10,1
30,5,R_plus,min_rank,c_f1e90bd6e09a,"Mike ""The Miz"" Mizanin",11,1,11,10,1
30,6,R_plus,min_rank,c_04ef229c7ff0,Kenya Moore,10,1,10,9,1
30,6,R_plus,min_rank,c_71da7b768d6d,Jimmie Allen,10,1,10,9,1
30,6,R_plus,min_rank,c_84deafeeb974,Amanda Kloots,10,1,10,9,1
30,6,R_plus,min_rank,c_8b3d0c71d246,Suni Lee,10,1,10,9,1
30,6,R_plus,min_rank,c_9b015ed7e42e,Cody Rigsby,10,1,10,9,1
30,6,R_plus,min_rank,c_a71bf11ea29e,Olivia Jade,10,1,10,9,1
30,6,R_plus,min_rank,c_a72a230eaba2,Melora Hardin,10,1,10,9,1
30,6,R_plus,min_rank,c_dceaa5c7f8dd,Iman Shumpert,10,1,10,9,1
30,6,R_plus,min_rank,c_def7afb85d8e,JoJo Siwa,10,1,10,9,1
30,6,R_plus,min_rank,c_f1e90bd6e09a,"Mike ""The Miz"" Mizanin",10,1,10,9,1
30,7,R_plus,min_rank,c_71da7b768d6d,Jimmie Allen,9,1,9,8,1
30,7,R_plus,min_rank,c_84deafeeb974,Amanda Kloots,9,1,9,8,1
30,7,R_plus,min_rank,c_8b3d0c71d246,Suni Lee,9,1,9,8,1
30,7,R_plus,min_rank,c_9b015ed7e42e,Cody Rigsby,9,1,9,8,1
30,7,R_plus,min_rank,c_a71bf11ea29e,Olivia Jade,9,1,9,8,1
30,7,R_plus,min_rank,c_a72a230eaba2,Melora Hardin,9,1,9,8,1
30,7,R_plus,min_rank,c_dceaa5c7f8dd,Iman Shumpert,9,1,9,8,1
30,7,R_plus,min_rank,c_def7afb85d8e,JoJo Siwa,9,1,9,8,1
30,7,R_plus,min_rank,c_f1e90bd6e09a,"Mike ""The Miz"" Mizanin",9,1,9,8,1
30,8,R_plus,min_rank,c_71da7b768d6d,Jimmie Allen,8,1,8,7,1
30,8,R_plus,min_rank,c_84deafeeb974,Amanda Kloots,8,1,8,7,1
30,8,R_plus,min_rank,c_8b3d0c71d246,Suni Lee,8,1,8,7,1
30,8,R_plus,min_rank,c_9b015ed7e42e,Cody Rigsby,8,1,8,7,1
30,8,R_plus,min_rank,c_a71bf11ea29e,Olivia Jade,8,1,8,7,1
30,8,R_plus,min_rank,c_a72a230eaba2,Melora Hardin,8,1,8,7,1
30,8,R_plus,min_rank,c_dceaa5c7f8dd,Iman Shumpert,8,1,8,7,1
30,8,R_plus,min_rank,c_def7afb85d8e,JoJo Siwa,8,1,8,7,1
30,9,R_plus,min_rank,c_84deafeeb974,Amanda Kloots,6,1,6,5,1
30,9,R_plus,min_rank,c_8b3d0c71d246,Suni Lee,6,2,6,4,0.8
30,9,R_plus,min_rank,c_9b015ed7e42e,Cody Rigsby,6,1,6,5,1
30,9,R_plus,min_rank,c_a72a230eaba2,Melora Hardin,6,1,6,5,1
30,9,R_plus,min_rank,c_dceaa5c7f8dd,Iman Shumpert,6,1,6,5,1
30,9,R_plus,min_rank,c_def7afb85d8e,JoJo Siwa,6,1,6,5,1
30,10,R_plus,min_rank,c_84deafeeb974,Amanda Kloots,4,2,4,2,0.666666666667
30,10,R_plus,min_rank,c_9b015ed7e42e,Cody Rigsby,4,1,3,2,0.666666666667
30,10,R_plus,min_rank,c_dceaa5c7f8dd,Iman Shumpert,4,1,3,2,0.666666666667
30,10,R_plus,min_rank,c_def7afb85d8e,JoJo Siwa,4,2,4,2,0.666666666667
31,1,R_plus,min_rank,c_0d5a2f599184,Jessie James Decker,16,1,16,15,1
31,1,R_plus,min_rank,c_1159095f4a06,Daniel Durant,16,1,16,15,1
31,1,R_plus,min_rank,c_41dbb7e37c3f,Jordin Sparks,16,1,16,15,1
31,1,R_plus,min_rank,c_4576c1e717de,Joseph Baena,16,1,16,15,1
31,1,R_plus,min_rank,c_4690169597bc,Heidi D'Amelio,16,1,16,15,1
31,1,R_plus,min_rank,c_4805f1f102ab,Jason Lewis,16,1,16,15,1
31,1,R_plus,min_rank,c_6e2b2aba7b11,Selma Blair,16,1,16,15,1
31,1,R_plus,min_rank,c_90c817bb5500,Gabby Windey,16,1,16,15,1
31,1,R_plus,min_rank,c_a8ae5f82613f,Cheryl Ladd,16,1,16,15,1
31,1,R_plus,min_rank,c_ae6bf360c8a4,Charli D'Amelio,16,1,16,15,1
31,1,R_plus,min_rank,c_c71ddf354ea3,Wayne Brady,16,1,16,15,1
31,1,R_plus,min_rank,c_e7b82e520741,Vinny Guadagnino,16,1,16,15,1
31,1,R_plus,min_rank,c_f35311773a50,Shangela,16,1,16,15,1
31,1,R_plus,min_rank,c_f437cc468edb,Sam Champion,16,1,16,15,1
31,1,R_plus,min_rank,c_fa7ed2d79dc9,Teresa Giudice,16,1,16,15,1
31,1,R_plus,min_rank,c_ff3d5df7f1dc,Trevor Donovan,16,1,16,15,1
31,2,R_plus,min_rank,c_0d5a2f599184,Jessie James Decker,15,1,15,14,1
31,2,R_plus,min_rank,c_1159095f4a06,Daniel Durant,15,1,15,14,1
31,2,R_plus,min_rank,c_41dbb7e37c3f,Jordin Sparks,15,1,15,14,1
31,2,R_plus,min_rank,c_4576c1e717de,Joseph Baena,15,1,15,14,1
31,2,R_plus,min_rank,c_4690169597bc,Heidi D'Amelio,15,1,15,14,1
31,2,R_plus,min_rank,c_6e2b2aba7b11,Selma Blair,15,1,15,14,1
31,2,R_plus,min_rank,c_90c817bb5500,Gabby Windey,15,1,15,14,1
31,2,R_plus,min_rank,c_a8ae5f82613f,Cheryl Ladd,15,1,15,14,1
31,2,R_plus,min_rank,c_ae6bf360c8a4,Charli D'Amelio,15,1,15,14,1
31,2,R_plus,min_rank,c_c71ddf354ea3,Wayne Brady,15,1,15,14,1
31,2,R_plus,min_rank,c_e7b82e520741,Vinny Guadagnino,15,1,15,14,1
31,2,R_plus,min_rank,c_f35311773a50,Shangela,15,1,15,14,1
31,2,R_plus,min_rank,c_f437cc468edb,Sam Champion,15,1,15,14,1
31,2,R_plus,min_rank,c_fa7ed2d79dc9,Teresa Giudice,15,1,15,14,1
31,2,R_plus,min_rank,c_ff3d5df7f1dc,Trevor Donovan,15,1,15,14,1
31,3,R_plus,min_rank,c_0d5a2f599184,Jessie James Decker,14,1,14,13,1
31,3,R_plus,min_rank,c_1159095f4a06,Daniel Durant,14,1,14,13,1
31,3,R_plus,min_rank,c_41dbb7e37c3f,Jordin Sparks,14,1,14,13,1
31,3,R_plus,min_rank,c_4576c1e717de,Joseph Baena,14,1,14,13,1
31,3,R_plus,min_rank,c_4690169597bc,Heidi D'Amelio,14,1,14,13,1
31,3,R_plus,min_rank,c_6e2b2aba7b11,Selma Blair,14,1,14,13,1
31,3,R_plus,min_rank,c_90c817bb5500,Gabby Windey,14,1,14,13,1
31,3,R_plus,min_rank,c_a8ae5f82613f,Cheryl Ladd,14,1,14,13,1
31,3,R_plus,min_rank,c_ae6bf360c8a4,Charli D'Amelio,14,1,14,13,1
31,3,R_plus,min_rank,c_c71ddf354ea3,Wayne Brady,14,1,14,13,1
31,3,R_plus,min_rank,c_e7b82e520741,Vinny Guadagnino,14,1,14,13,1
31,3,R_plus,min_rank,c_f35311773a50,Shangela,14,1,14,13,1
31,3,R_plus,min_rank,c_f437cc468edb,Sam Champion,14,1,14,13,1
31,3,R_plus,min_rank,c_ff3d5df7f1dc,Trevor Donovan,14,1,14,13,1
31,4,R_plus,min_rank,c_0d5a2f599184,Jessie James Decker,13,1,13,12,1
31,4,R_plus,min_rank,c_1159095f4a06,Daniel Durant,13,1,13,12,1
31,4,R_plus,min_rank,c_41dbb7e37c3f,Jordin Sparks,13,1,13,12,1
31,4,R_plus,min_rank,c_4576c1e717de,Joseph Baena,13,1,13,12,1
31,4,R_plus,min_rank,c_4690169597bc,Heidi D'Amelio,13,1,13,12,1
31,4,R_plus,min_rank,c_6e2b2aba7b11,Selma Blair,13,1,13,12,1
31,4,R_plus,min_rank,c_90c817bb5500,Gabby Windey,13,1,13,12,1
31,4,R_plus,min_rank,c_ae6bf360c8a4,Charli D'Amelio,13,1,13,12,1
31,4,R_plus,min_rank,c_c71ddf354ea3,Wayne Brady,13,1,13,12,1
31,4,R_plus,min_rank,c_e7b82e520741,Vinny Guadagnino,13,1,13,12,1
31,4,R_plus,min_rank,c_f35311773a50,Shangela,13,1,13,12,1
31,4,R_plus,min_rank,c_f437cc468edb,Sam Champion,13,1,13,12,1
31,4,R_plus,min_rank,c_ff3d5df7f1dc,Trevor Donovan,13,1,13,12,1
31,5,R_plus,min_rank,c_0d5a2f599184,Jessie James Decker,12,1,12,11,1
31,5,R_plus,min_rank,c_1159095f4a06,Daniel Durant,12,1,12,11,1
31,5,R_plus,min_rank,c_41dbb7e37c3f,Jordin Sparks,12,1,12,11,1
31,5,R_plus,min_rank,c_4576c1e717de,Joseph Baena,12,2,12,10,0.909090909091
31,5,R_plus,min_rank,c_4690169597bc,Heidi D'Amelio,12,1,12,11,1
31,5,R_plus,min_rank,c_6e2b2aba7b11,Selma Blair,12,1,12,11,1
31,5,R_plus,min_rank,c_90c817bb5500,Gabby Windey,12,1,12,11,1
31,5,R_plus,min_rank,c_ae6bf360c8a4,Charli D'Amelio,12,1,12,11,1
31,5,R_plus,min_rank,c_c71ddf354ea3,Wayne Brady,12,1,12,11,1
31,5,R_plus,min_rank,c_e7b82e520741,Vinny Guadagnino,12,1,12,11,1
31,5,R_plus,min_rank,c_f35311773a50,Shangela,12,1,12,11,1
31,5,R_plus,min_rank,c_ff3d5df7f1dc,Trevor Donovan,12,1,12,11,1
31,6,R_plus,min_rank,c_0d5a2f599184,Jessie James Decker,10,1,10,9,1
31,6,R_plus,min_rank,c_1159095f4a06,Daniel Durant,10,1,10,9,1
31,6,R_plus,min_rank,c_41dbb7e37c3f,Jordin Sparks,10,1,10,9,1
31,6,R_plus,min_rank,c_4690169597bc,Heidi D'Amelio,10,1,10,9,1
31,6,R_plus,min_rank,c_90c817bb5500,Gabby Windey,10,1,10,9,1
31,6,R_plus,min_rank,c_ae6bf360c8a4,Charli D'Amelio,10,1,10,9,1
31,6,R_plus,min_rank,c_c71ddf354ea3,Wayne Brady,10,1,10,9,1
31,6,R_plus,min_rank,c_e7b82e520741,Vinny Guadagnino,10,1,10,9,1
31,6,R_plus,min_rank,c_f35311773a50,Shangela,10,1,10,9,1
31,6,R_plus,min_rank,c_ff3d5df7f1dc,Trevor Donovan,10,1,10,9,1
31,7,R_plus,min_rank,c_1159095f4a06,Daniel Durant,9,1,9,8,1
31,7,R_plus,min_rank,c_41dbb7e37c3f,Jordin Sparks,9,1,9,8,1
31,7,R_plus,min_rank,c_4690169597bc,Heidi D'Amelio,9,1,9,8,1
31,7,R_plus,min_rank,c_90c817bb5500,Gabby Windey,9,1,9,8,1
31,7,R_plus,min_rank,c_ae6bf360c8a4,Charli D'Amelio,9,1,9,8,1
31,7,R_plus,min_rank,c_c71ddf354ea3,Wayne Brady,9,1,9,8,1
31,7,R_plus,min_rank,c_e7b82e520741,Vinny Guadagnino,9,1,9,8,1
31,7,R_plus,min_rank,c_f35311773a50,Shangela,9,1,9,8,1
31,7,R_plus,min_rank,c_ff3d5df7f1dc,Trevor Donovan,9,1,9,8,1
31,8,R_plus,min_rank,c_1159095f4a06,Daniel Durant,8,1,8,7,1
31,8,R_plus,min_rank,c_4690169597bc,Heidi D'Amelio,8,1,8,7,1
31,8,R_plus,min_rank,c_90c817bb5500,Gabby Windey,8,1,8,7,1
31,8,R_plus,min_rank,c_ae6bf360c8a4,Charli D'Amelio,8,1,8,7,1
31,8,R_plus,min_rank,c_c71ddf354ea3,Wayne Brady,8,1,8,7,1
31,8,R_plus,min_rank,c_e7b82e520741,Vinny Guadagnino,8,1,8,7,1
31,8,R_plus,min_rank,c_f35311773a50,Shangela,8,1,8,7,1
31,8,R_plus,min_rank,c_ff3d5df7f1dc,Trevor Donovan,8,1,8,7,1
31,9,R_plus,min_rank,c_1159095f4a06,Daniel Durant,6,1,6,5,1
31,9,R_plus,min_rank,c_90c817bb5500,Gabby Windey,6,1,6,5,1
31,9,R_plus,min_rank,c_ae6bf360c8a4,Charli D'Amelio,6,1,6,5,1
31,9,R_plus,min_rank,c_c71ddf354ea3,Wayne Brady,6,1,6,5,1
31,9,R_plus,min_rank,c_f35311773a50,Shangela,6,1,6,5,1
31,9,R_plus,min_rank,c_ff3d5df7f1dc,Trevor Donovan,6,1,6,5,1
31,10,R_plus,min_rank,c_90c817bb5500,Gabby Windey,4,2,4,2,0.666666666667
31,10,R_plus,min_rank,c_ae6bf360c8a4,Charli D'Amelio,4,1,2,1,0.333333333333
31,10,R_plus,min_rank,c_c71ddf354ea3,Wayne Brady,4,1,3,2,0.666666666667
31,10,R_plus,min_rank,c_f35311773a50,Shangela,4,3,4,1,0.333333333333
32,1,R_plus,min_rank,c_0a8f3cc88fa8,Barry Williams,14,1,14,13,1
32,1,R_plus,min_rank,c_0ffc9580e137,Harry Jowsey,14,1,14,13,1
32,1,R_plus,min_rank,c_1532158d2c60,Tyson Beckford,14,1,14,13,1
32,1,R_plus,min_rank,c_274415f91128,Adrian Peterson,14,1,14,13,1
32,1,R_plus,min_rank,c_39f33002c42d,Ariana Madix,14,1,14,13,1
32,1,R_plus,min_rank,c_3d3cd78d89be,Jamie Lynn Spears,14,1,14,13,1
32,1,R_plus,min_rank,c_443de94b524e,Jason Mraz,14,1,14,13,1
32,1,R_plus,min_rank,c_6c0cfc3d0044,Alyson Hannigan,14,1,14,13,1
32,1,R_plus,min_rank,c_6f7b072fccfc,Charity Lawson,14,1,14,13,1
32,1,R_plus,min_rank,c_aa522d7fe14c,Mira Sorvino,14,1,14,13,1
32,1,R_plus,min_rank,c_b615d6f6278a,Mauricio Umansky,14,1,14,13,1
32,1,R_plus,min_rank,c_cedad300d876,Xochitl Gomez,14,1,14,13,1
32,1,R_plus,min_rank,c_e4d906b28d73,Lele Pons,14,1,14,13,1
32,1,R_plus,min_rank,c_e9b2531b6284,Matt Walsh,14,2,14,12,0.923076923077
32,2,R_plus,min_rank,c_0a8f3cc88fa8,Barry Williams,13,1,13,12,1
32,2,R_plus,min_rank,c_0ffc9580e137,Harry Jowsey,13,1,13,12,1
32,2,R_plus,min_rank,c_1532158d2c60,Tyson Beckford,13,1,13,12,1
32,2,R_plus,min_rank,c_274415f91128,Adrian Peterson,13,1,13,12,1
32,2,R_plus,min_rank,c_39f33002c42d,Ariana Madix,13,1,13,12,1
32,2,R_plus,min_rank,c_3d3cd78d89be,Jamie Lynn Spears,13,4,13,9,0.75
32,2,R_plus,min_rank,c_443de94b524e,Jason Mraz,13,1,13,12,1
32,2,R_plus,min_rank,c_6c0cfc3d0044,Alyson Hannigan,13,1,13,12,1
32,2,R_plus,min_rank,c_6f7b072fccfc,Charity Lawson,13,1,13,12,1
32,2,R_plus,min_rank,c_aa522d7fe14c,Mira Sorvino,13,1,13,12,1
32,2,R_plus,min_rank,c_b615d6f6278a,Mauricio Umansky,13,1,13,12,1
32,2,R_plus,min_rank,c_cedad300d876,Xochitl Gomez,13,1,13,12,1
32,2,R_plus,min_rank,c_e4d906b28d73,Lele Pons,13,1,13,12,1
32,3,R_plus,min_rank,c_0a8f3cc88fa8,Barry Williams,12,1,12,11,1
32,3,R_plus,min_rank,c_0ffc9580e137,Harry Jowsey,12,1,12,11,1
32,3,R_plus,min_rank,c_1532158d2c60,Tyson Beckford,12,1,12,11,1
32,3,R_plus,min_rank,c_274415f91128,Adrian Peterson,12,1,12,11,1
32,3,R_plus,min_rank,c_39f33002c42d,Ariana Madix,12,1,12,11,1
32,3,R_plus,min_rank,c_443de94b524e,Jason Mraz,12,1,12,11,1
32,3,R_plus,min_rank,c_6c0cfc3d0044,Alyson Hannigan,12,1,12,11,1
32,3,R_plus,min_rank,c_6f7b072fccfc,Charity Lawson,12,1,12,11,1
32,3,R_plus,min_rank,c_aa522d7fe14c,Mira Sorvino,12,1,12,11,1
32,3,R_plus,min_rank,c_b615d6f6278a,Mauricio Umansky,12,1,12,11,1
32,3,R_plus,min_rank,c_cedad300d876,Xochitl Gomez,12,1,12,11,1
32,3,R_plus,min_rank,c_e4d906b28d73,Lele Pons,12,1,12,11,1
32,4,R_plus,min_rank,c_0a8f3cc88fa8,Barry Williams,11,1,11,10,1
32,4,R_plus,min_rank,c_0ffc9580e137,Harry Jowsey,11,1,11,10,1
32,4,R_plus,min_rank,c_274415f91128,Adrian Peterson,11,5,11,6,0.6
32,4,R_plus,min_rank,c_39f33002c42d,Ariana Madix,11,1,11,10,1
32,4,R_plus,min_rank,c_443de94b524e,Jason Mraz,11,1,11,10,1
32,4,R_plus,min_rank,c_6c0cfc3d0044,Alyson Hannigan,11,1,11,10,1
32,4,R_plus,min_rank,c_6f7b072fccfc,Charity Lawson,11,1,11,10,1
32,4,R_plus,min_rank,c_aa522d7fe14c,Mira Sorvino,11,1,11,10,1
32,4,R_plus,min_rank,c_b615d6f6278a,Mauricio Umansky,11,1,11,10,1
32,4,R_plus,min_rank,c_cedad300d876,Xochitl Gomez,11,1,11,10,1
32,4,R_plus,min_rank,c_e4d906b28d73,Lele Pons,11,1,11,10,1
32,5,R_plus,min_rank,c_0a8f3cc88fa8,Barry Williams,10,1,10,9,1
32,5,R_plus,min_rank,c_0ffc9580e137,Harry Jowsey,10,1,10,9,1
32,5,R_plus,min_rank,c_39f33002c42d,Ariana Madix,10,1,10,9,1
32,5,R_plus,min_rank,c_443de94b524e,Jason Mraz,10,1,10,9,1
32,5,R_plus,min_rank,c_6c0cfc3d0044,Alyson Hannigan,10,1,10,9,1
32,5,R_plus,min_rank,c_6f7b072fccfc,Charity Lawson,10,1,10,9,1
32,5,R_plus,min_rank,c_aa522d7fe14c,Mira Sorvino,10,2,10,8,0.888888888889
32,5,R_plus,min_rank,c_b615d6f6278a,Mauricio Umansky,10,1,10,9,1
32,5,R_plus,min_rank,c_cedad300d876,Xochitl Gomez,10,1,10,9,1
32,5,R_plus,min_rank,c_e4d906b28d73,Lele Pons,10,1,10,9,1
32,6,R_plus,min_rank,c_0a8f3cc88fa8,Barry Williams,9,1,9,8,1
32,6,R_plus,min_rank,c_0ffc9580e137,Harry Jowsey,9,1,9,8,1
32,6,R_plus,min_rank,c_39f33002c42d,Ariana Madix,9,1,9,8,1
32,6,R_plus,min_rank,c_443de94b524e,Jason Mraz,9,1,9,8,1
32,6,R_plus,min_rank,c_6c0cfc3d0044,Alyson Hannigan,9,1,9,8,1
32,6,R_plus,min_rank,c_6f7b072fccfc,Charity Lawson,9,1,9,8,1
32,6,R_plus,min_rank,c_b615d6f6278a,Mauricio Umansky,9,3,9,6,0.75
32,6,R_plus,min_rank,c_cedad300d876,Xochitl Gomez,9,1,9,8,1
32,6,R_plus,min_rank,c_e4d906b28d73,Lele Pons,9,1,9,8,1
32,7,R_plus,min_rank,c_0a8f3cc88fa8,Barry Williams,8,1,8,7,1
32,7,R_plus,min_rank,c_0ffc9580e137,Harry Jowsey,8,1,8,7,1
32,7,R_plus,min_rank,c_39f33002c42d,Ariana Madix,8,1,8,7,1
32,7,R_plus,min_rank,c_443de94b524e,Jason Mraz,8,1,8,7,1
32,7,R_plus,min_rank,c_6c0cfc3d0044,Alyson Hannigan,8,1,8,7,1
32,7,R_plus,min_rank,c_6f7b072fccfc,Charity Lawson,8,1,8,7,1
32,7,R_plus,min_rank,c_cedad300d876,Xochitl Gomez,8,1,8,7,1
32,7,R_plus,min_rank,c_e4d906b28d73,Lele Pons,8,5,8,3,0.428571428571
32,8,R_plus,min_rank,c_0a8f3cc88fa8,Barry Williams,7,2,7,5,0.833333333333
32,8,R_plus,min_rank,c_0ffc9580e137,Harry Jowsey,7,1,7,6,1
32,8,R_plus,min_rank,c_39f33002c42d,Ariana Madix,7,1,7,6,1
32,8,R_plus,min_rank,c_443de94b524e,Jason Mraz,7,1,7,6,1
32,8,R_plus,min_rank,c_6c0cfc3d0044,Alyson Hannigan,7,1,7,6,1
32,8,R_plus,min_rank,c_6f7b072fccfc,Charity Lawson,7,1,7,6,1
32,8,R_plus,min_rank,c_cedad300d876,Xochitl Gomez,7,1,7,6,1
32,9,R_plus,min_rank,c_0ffc9580e137,Harry Jowsey,6,1,6,5,1
32,9,R_plus,min_rank,c_39f33002c42d,Ariana Madix,6,1,6,5,1
32,9,R_plus,min_rank,c_443de94b524e,Jason Mraz,6,1,6,5,1
32,9,R_plus,min_rank,c_6c0cfc3d0044,Alyson Hannigan,6,1,6,5,1
32,9,R_plus,min_rank,c_6f7b072fccfc,Charity Lawson,6,1,6,5,1
32,9,R_plus,min_rank,c_cedad300d876,Xochitl Gomez,6,1,6,5,1
32,10,R_plus,min_rank,c_39f33002c42d,Ariana Madix,5,1,5,4,1
32,10,R_plus,min_rank,c_443de94b524e,Jason Mraz,5,1,5,4,1
32,10,R_plus,min_rank,c_6c0cfc3d0044,Alyson Hannigan,5,1,5,4,1
32,10,R_plus,min_rank,c_6f7b072fccfc,Charity Lawson,5,1,5,4,1
32,10,R_plus,min_rank,c_cedad300d876,Xochitl Gomez,5,1,5,4,1
32,11,R_plus,min_rank,c_39f33002c42d,Ariana Madix,5,1,4,3,0.75
32,11,R_plus,min_rank,c_443de94b524e,Jason Mraz,5,2,5,3,0.75
32,11,R_plus,min_rank,c_6c0cfc3d0044,Alyson Hannigan,5,2,5,3,0.75
32,11,R_plus,min_rank,c_6f7b072fccfc,Charity Lawson,5,3,5,2,0.5
32,11,R_plus,min_rank,c_cedad300d876,Xochitl Gomez,5,1,2,1,0.25
33,1,R_plus,min_rank,c_03f1c95186f0,Ilona Maher,13,1,13,12,1
33,1,R_plus,min_rank,c_070ccb9d48f3,Stephen Nedoroscik,13,1,13,12,1
33,1,R_plus,min_rank,c_38506bf4386f,Dwight Howard ,13,1,13,12,1
33,1,R_plus,min_rank,c_4416c492447c,Jenn Tran,13,1,13,12,1
33,1,R_plus,min_rank,c_50d8f7334ef2,Anna Delvey,13,1,13,12,1
33,1,R_plus,min_rank,c_548bd4dd6577,Danny Amendola,13,1,13,12,1
33,1,R_plus,min_rank,c_6c369becca5b,Eric Roberts,13,1,13,12,1
33,1,R_plus,min_rank,c_81ba1a15bc54,Brooks Nader,13,1,13,12,1
33,1,R_plus,min_rank,c_826d53336104,Chandler Kinney,13,1,13,12,1
33,1,R_plus,min_rank,c_905d57e778cf,Joey Graziadei,13,1,13,12,1
33,1,R_plus,min_rank,c_a6a0da2a459b,Tori Spelling,13,1,13,12,1
33,1,R_plus,min_rank,c_c4be83201a36,Phaedra Parks,13,1,13,12,1
33,1,R_plus,min_rank,c_df16a54cb13c,Reginald VelJohnson,13,1,13,12,1
33,2,R_plus,min_rank,c_03f1c95186f0,Ilona Maher,13,1,13,12,1
33,2,R_plus,min_rank,c_070ccb9d48f3,Stephen Nedoroscik,13,1,13,12,1
33,2,R_plus,min_rank,c_38506bf4386f,Dwight Howard ,13,1,13,12,1
33,2,R_plus,min_rank,c_4416c492447c,Jenn Tran,13,1,13,12,1
33,2,R_plus,min_rank,c_50d8f7334ef2,Anna Delvey,13,1,13,12,1
33,2,R_plus,min_rank,c_548bd4dd6577,Danny Amendola,13,1,13,12,1
33,2,R_plus,min_rank,c_6c369becca5b,Eric Roberts,13,1,13,12,1
33,2,R_plus,min_rank,c_81ba1a15bc54,Brooks Nader,13,1,13,12,1
33,2,R_plus,min_rank,c_826d53336104,Chandler Kinney,13,1,13,12,1
33,2,R_plus,min_rank,c_905d57e778cf,Joey Graziadei,13,1,13,12,1
33,2,R_plus,min_rank,c_a6a0da2a459b,Tori Spelling,13,3,13,10,0.833333333333
33,2,R_plus,min_rank,c_c4be83201a36,Phaedra Parks,13,1,13,12,1
33,2,R_plus,min_rank,c_df16a54cb13c,Reginald VelJohnson,13,1,13,12,1
33,3,R_plus,min_rank,c_03f1c95186f0,Ilona Maher,11,1,11,10,1
33,3,R_plus,min_rank,c_070ccb9d48f3,Stephen Nedoroscik,11,1,11,10,1
33,3,R_plus,min_rank,c_38506bf4386f,Dwight Howard ,11,1,11,10,1
33,3,R_plus,min_rank,c_4416c492447c,Jenn Tran,11,1,11,10,1
33,3,R_plus,min_rank,c_548bd4dd6577,Danny Amendola,11,1,11,10,1
33,3,R_plus,min_rank,c_6c369becca5b,Eric Roberts,11,1,11,10,1
33,3,R_plus,min_rank,c_81ba1a15bc54,Brooks Nader,11,1,11,10,1
33,3,R_plus,min_rank,c_826d53336104,Chandler Kinney,11,1,11,10,1
33,3,R_plus,min_rank,c_905d57e778cf,Joey Graziadei,11,1,11,10,1
33,3,R_plus,min_rank,c_c4be83201a36,Phaedra Parks,11,1,11,10,1
33,3,R_plus,min_rank,c_df16a54cb13c,Reginald VelJohnson,11,1,11,10,1
33,4,R_plus,min_rank,c_03f1c95186f0,Ilona Maher,9,1,9,8,1
33,4,R_plus,min_rank,c_070ccb9d48f3,Stephen Nedoroscik,9,1,9,8,1
33,4,R_plus,min_rank,c_38506bf4386f,Dwight Howard ,9,1,9,8,1
33,4,R_plus,min_rank,c_4416c492447c,Jenn Tran,9,1,9,8,1
33,4,R_plus,min_rank,c_548bd4dd6577,Danny Amendola,9,1,9,8,1
33,4,R_plus,min_rank,c_81ba1a15bc54,Brooks Nader,9,5,9,4,0.5
33,4,R_plus,min_rank,c_826d53336104,Chandler Kinney,9,1,9,8,1
33,4,R_plus,min_rank,c_905d57e778cf,Joey Graziadei,9,1,9,8,1
33,4,R_plus,min_rank,c_c4be83201a36,Phaedra Parks,9,1,9,8,1
33,5,R_plus,min_rank,c_03f1c95186f0,Ilona Maher,8,1,8,7,1
33,5,R_plus,min_rank,c_070ccb9d48f3,Stephen Nedoroscik,8,1,8,7,1
33,5,R_plus,min_rank,c_38506bf4386f,Dwight Howard ,8,1,8,7,1
33,5,R_plus,min_rank,c_4416c492447c,Jenn Tran,8,1,8,7,1
33,5,R_plus,min_rank,c_548bd4dd6577,Danny Amendola,8,1,8,7,1
33,5,R_plus,min_rank,c_826d53336104,Chandler Kinney,8,1,8,7,1
33,5,R_plus,min_rank,c_905d57e778cf,Joey Graziadei,8,1,8,7,1
33,5,R_plus,min_rank,c_c4be83201a36,Phaedra Parks,8,2,8,6,0.857142857143
33,6,R_plus,min_rank,c_03f1c95186f0,Ilona Maher,7,1,7,6,1
33,6,R_plus,min_rank,c_070ccb9d48f3,Stephen Nedoroscik,7,1,7,6,1
33,6,R_plus,min_rank,c_38506bf4386f,Dwight Howard ,7,1,7,6,1
33,6,R_plus,min_rank,c_4416c492447c,Jenn Tran,7,4,7,3,0.5
33,6,R_plus,min_rank,c_548bd4dd6577,Danny Amendola,7,1,7,6,1
33,6,R_plus,min_rank,c_826d53336104,Chandler Kinney,7,1,7,6,1
33,6,R_plus,min_rank,c_905d57e778cf,Joey Graziadei,7,1,7,6,1
33,7,R_plus,min_rank,c_03f1c95186f0,Ilona Maher,6,1,6,5,1
33,7,R_plus,min_rank,c_070ccb9d48f3,Stephen Nedoroscik,6,1,6,5,1
33,7,R_plus,min_rank,c_38506bf4386f,Dwight Howard ,6,1,6,5,1
33,7,R_plus,min_rank,c_548bd4dd6577,Danny Amendola,6,1,6,5,1
33,7,R_plus,min_rank,c_826d53336104,Chandler Kinney,6,1,6,5,1
33,7,R_plus,min_rank,c_905d57e778cf,Joey Graziadei,6,1,6,5,1
33,8,R_plus,min_rank,c_03f1c95186f0,Ilona Maher,5,1,5,4,1
33,8,R_plus,min_rank,c_070ccb9d48f3,Stephen Nedoroscik,5,1,5,4,1
33,8,R_plus,min_rank,c_548bd4dd6577,Danny Amendola,5,1,5,4,1
33,8,R_plus,min_rank,c_826d53336104,Chandler Kinney,5,1,5,4,1
33,8,R_plus,min_rank,c_905d57e778cf,Joey Graziadei,5,1,5,4,1
33,9,R_plus,min_rank,c_03f1c95186f0,Ilona Maher,5,1,2,1,0.25
33,9,R_plus,min_rank,c_070ccb9d48f3,Stephen Nedoroscik,5,3,5,2,0.5
33,9,R_plus,min_rank,c_548bd4dd6577,Danny Amendola,5,1,5,4,1
33,9,R_plus,min_rank,c_826d53336104,Chandler Kinney,5,4,5,1,0.25
33,9,R_plus,min_rank,c_905d57e778cf,Joey Graziadei,5,1,3,2,0.5
34,1,R_plus,min_rank,c_006ccbcbd9a7,Robert Irwin,14,1,14,13,1
34,1,R_plus,min_rank,c_014c25f27383,Jordan Chiles,14,1,14,13,1
34,1,R_plus,min_rank,c_040942d5a49f,Alix Earle,14,1,14,13,1
34,1,R_plus,min_rank,c_396787e341a0,Lauren Jauregui,14,1,14,13,1
34,1,R_plus,min_rank,c_54b5a8c2dda4,Elaine Hendrix,14,1,14,13,1
34,1,R_plus,min_rank,c_5758002db999,Corey Feldman,14,1,14,13,1
34,1,R_plus,min_rank,c_6100473f60b8,Hilaria Baldwin,14,1,14,13,1
34,1,R_plus,min_rank,c_68b9b2405657,Dylan Efron,14,1,14,13,1
34,1,R_plus,min_rank,c_6c95904f8723,Baron Davis,14,1,14,13,1
34,1,R_plus,min_rank,c_84e2c0dbe1b3,Andy Richter,14,1,14,13,1
34,1,R_plus,min_rank,c_8a97cf9ea7ff,Danielle Fishel,14,1,14,13,1
34,1,R_plus,min_rank,c_97d9dc87a3ff,Whitney Leavitt,14,1,14,13,1
34,1,R_plus,min_rank,c_b67c79ae64a7,Jen Affleck,14,1,14,13,1
34,1,R_plus,min_rank,c_c08381fdf058,Scott Hoying,14,1,14,13,1
34,2,R_plus,min_rank,c_006ccbcbd9a7,Robert Irwin,14,1,14,13,1
34,2,R_plus,min_rank,c_014c25f27383,Jordan Chiles,14,1,14,13,1
34,2,R_plus,min_rank,c_040942d5a49f,Alix Earle,14,1,14,13,1
34,2,R_plus,min_rank,c_396787e341a0,Lauren Jauregui,14,1,14,13,1
34,2,R_plus,min_rank,c_54b5a8c2dda4,Elaine Hendrix,14,1,14,13,1
34,2,R_plus,min_rank,c_5758002db999,Corey Feldman,14,1,14,13,1
34,2,R_plus,min_rank,c_6100473f60b8,Hilaria Baldwin,14,1,14,13,1
34,2,R_plus,min_rank,c_68b9b2405657,Dylan Efron,14,1,14,13,1
34,2,R_plus,min_rank,c_6c95904f8723,Baron Davis,14,2,14,12,0.923076923077
34,2,R_plus,min_rank,c_84e2c0dbe1b3,Andy Richter,14,1,14,13,1
34,2,R_plus,min_rank,c_8a97cf9ea7ff,Danielle Fishel,14,1,14,13,1
34,2,R_plus,min_rank,c_97d9dc87a3ff,Whitney Leavitt,14,1,14,13,1
34,2,R_plus,min_rank,c_b67c79ae64a7,Jen Affleck,14,1,14,13,1
34,2,R_plus,min_rank,c_c08381fdf058,Scott Hoying,14,1,14,13,1
34,3,R_plus,min_rank,c_006ccbcbd9a7,Robert Irwin,12,1,12,11,1
34,3,R_plus,min_rank,c_014c25f27383,Jordan Chiles,12,1,12,11,1
34,3,R_plus,min_rank,c_040942d5a49f,Alix Earle,12,1,12,11,1
34,3,R_plus,min_rank,c_396787e341a0,Lauren Jauregui,12,1,12,11,1
34,3,R_plus,min_rank,c_54b5a8c2dda4,Elaine Hendrix,12,1,12,11,1
34,3,R_plus,min_rank,c_6100473f60b8,Hilaria Baldwin,12,1,12,11,1
34,3,R_plus,min_rank,c_68b9b2405657,Dylan Efron,12,1,12,11,1
34,3,R_plus,min_rank,c_84e2c0dbe1b3,Andy Richter,12,1,12,11,1
34,3,R_plus,min_rank,c_8a97cf9ea7ff,Danielle Fishel,12,1,12,11,1
34,3,R_plus,min_rank,c_97d9dc87a3ff,Whitney Leavitt,12,1,12,11,1
34,3,R_plus,min_rank,c_b67c79ae64a7,Jen Affleck,12,1,12,11,1
34,3,R_plus,min_rank,c_c08381fdf058,Scott Hoying,12,1,12,11,1
34,4,R_plus,min_rank,c_006ccbcbd9a7,Robert Irwin,11,1,11,10,1
34,4,R_plus,min_rank,c_014c25f27383,Jordan Chiles,11,1,11,10,1
34,4,R_plus,min_rank,c_040942d5a49f,Alix Earle,11,1,11,10,1
34,4,R_plus,min_rank,c_54b5a8c2dda4,Elaine Hendrix,11,1,11,10,1
34,4,R_plus,min_rank,c_6100473f60b8,Hilaria Baldwin,11,6,11,5,0.5
34,4,R_plus,min_rank,c_68b9b2405657,Dylan Efron,11,1,11,10,1
34,4,R_plus,min_rank,c_84e2c0dbe1b3,Andy Richter,11,1,11,10,1
34,4,R_plus,min_rank,c_8a97cf9ea7ff,Danielle Fishel,11,1,11,10,1
34,4,R_plus,min_rank,c_97d9dc87a3ff,Whitney Leavitt,11,1,11,10,1
34,4,R_plus,min_rank,c_b67c79ae64a7,Jen Affleck,11,1,11,10,1
34,4,R_plus,min_rank,c_c08381fdf058,Scott Hoying,11,1,11,10,1
34,5,R_plus,min_rank,c_006ccbcbd9a7,Robert Irwin,10,1,10,9,1
34,5,R_plus,min_rank,c_014c25f27383,Jordan Chiles,10,1,10,9,1
34,5,R_plus,min_rank,c_040942d5a49f,Alix Earle,10,1,10,9,1
34,5,R_plus,min_rank,c_54b5a8c2dda4,Elaine Hendrix,10,1,10,9,1
34,5,R_plus,min_rank,c_68b9b2405657,Dylan Efron,10,1,10,9,1
34,5,R_plus,min_rank,c_84e2c0dbe1b3,Andy Richter,10,1,10,9,1
34,5,R_plus,min_rank,c_8a97cf9ea7ff,Danielle Fishel,10,1,10,9,1
34,5,R_plus,min_rank,c_97d9dc87a3ff,Whitney Leavitt,10,1,10,9,1
34,5,R_plus,min_rank,c_b67c79ae64a7,Jen Affleck,10,1,10,9,1
34,5,R_plus,min_rank,c_c08381fdf058,Scott Hoying,10,1,10,9,1
34,6,R_plus,min_rank,c_006ccbcbd9a7,Robert Irwin,10,1,10,9,1
34,6,R_plus,min_rank,c_014c25f27383,Jordan Chiles,10,1,10,9,1
34,6,R_plus,min_rank,c_040942d5a49f,Alix Earle,10,1,10,9,1
34,6,R_plus,min_rank,c_54b5a8c2dda4,Elaine Hendrix,10,1,10,9,1
34,6,R_plus,min_rank,c_68b9b2405657,Dylan Efron,10,1,10,9,1
34,6,R_plus,min_rank,c_84e2c0dbe1b3,Andy Richter,10,1,10,9,1
34,6,R_plus,min_rank,c_8a97cf9ea7ff,Danielle Fishel,10,1,10,9,1
34,6,R_plus,min_rank,c_97d9dc87a3ff,Whitney Leavitt,10,1,10,9,1
34,6,R_plus,min_rank,c_b67c79ae64a7,Jen Affleck,10,1,10,9,1
34,6,R_plus,min_rank,c_c08381fdf058,Scott Hoying,10,1,10,9,1
34,7,R_plus,min_rank,c_006ccbcbd9a7,Robert Irwin,9,1,9,8,1
34,7,R_plus,min_rank,c_014c25f27383,Jordan Chiles,9,1,9,8,1
34,7,R_plus,min_rank,c_040942d5a49f,Alix Earle,9,1,9,8,1
34,7,R_plus,min_rank,c_54b5a8c2dda4,Elaine Hendrix,9,1,9,8,1
34,7,R_plus,min_rank,c_68b9b2405657,Dylan Efron,9,1,9,8,1
34,7,R_plus,min_rank,c_84e2c0dbe1b3,Andy Richter,9,1,9,8,1
34,7,R_plus,min_rank,c_8a97cf9ea7ff,Danielle Fishel,9,1,9,8,1
34,7,R_plus,min_rank,c_97d9dc87a3ff,Whitney Leavitt,9,1,9,8,1
34,7,R_plus,min_rank,c_b67c79ae64a7,Jen Affleck,9,2,9,7,0.875
34,8,R_plus,min_rank,c_006ccbcbd9a7,Robert Irwin,8,1,8,7,1
34,8,R_plus,min_rank,c_014c25f27383,Jordan Chiles,8,1,8,7,1
34,8,R_plus,min_rank,c_040942d5a49f,Alix Earle,8,1,8,7,1
34,8,R_plus,min_rank,c_54b5a8c2dda4,Elaine Hendrix,8,1,8,7,1
34,8,R_plus,min_rank,c_68b9b2405657,Dylan Efron,8,1,8,7,1
34,8,R_plus,min_rank,c_84e2c0dbe1b3,Andy Richter,8,1,8,7,1
34,8,R_plus,min_rank,c_8a97cf9ea7ff,Danielle Fishel,8,1,8,7,1
34,8,R_plus,min_rank,c_97d9dc87a3ff,Whitney Leavitt,8,1,8,7,1
34,9,R_plus,min_rank,c_006ccbcbd9a7,Robert Irwin,7,1,7,6,1
34,9,R_plus,min_rank,c_014c25f27383,Jordan Chiles,7,1,7,6,1
34,9,R_plus,min_rank,c_040942d5a49f,Alix Earle,7,1,7,6,1
34,9,R_plus,min_rank,c_54b5a8c2dda4,Elaine Hendrix,7,1,7,6,1
34,9,R_plus,min_rank,c_68b9b2405657,Dylan Efron,7,1,7,6,1
34,9,R_plus,min_rank,c_84e2c0dbe1b3,Andy Richter,7,1,7,6,1
34,9,R_plus,min_rank,c_97d9dc87a3ff,Whitney Leavitt,7,1,7,6,1
34,10,R_plus,min_rank,c_006ccbcbd9a7,Robert Irwin,6,1,6,5,1
34,10,R_plus,min_rank,c_014c25f27383,Jordan Chiles,6,1,6,5,1
34,10,R_plus,min_rank,c_040942d5a49f,Alix Earle,6,1,6,5,1
34,10,R_plus,min_rank,c_54b5a8c2dda4,Elaine Hendrix,6,1,6,5,1
34,10,R_plus,min_rank,c_68b9b2405657,Dylan Efron,6,1,6,5,1
34,10,R_plus,min_rank,c_97d9dc87a3ff,Whitney Leavitt,6,4,6,2,0.4
34,11,R_plus,min_rank,c_006ccbcbd9a7,Robert Irwin,5,1,3,2,0.5
34,11,R_plus,min_rank,c_014c25f27383,Jordan Chiles,5,2,5,3,0.75
34,11,R_plus,min_rank,c_040942d5a49f,Alix Earle,5,2,5,3,0.75
34,11,R_plus,min_rank,c_54b5a8c2dda4,Elaine Hendrix,5,1,5,4,1
34,11,R_plus,min_rank,c_68b9b2405657,Dylan Efron,5,1,5,4,1
1,1,R,dense_rank,c_0682911ef89b,Rachel Hunter,6,1,6,5,1
1,1,R,dense_rank,c_49123aa8f5b9,John O'Hurley,6,1,6,5,1
1,1,R,dense_rank,c_6137c0511f62,Trista Sutter,6,1,6,5,1
1,1,R,dense_rank,c_71c2de6f33c9,Kelly Monaco,6,1,6,5,1
1,1,R,dense_rank,c_b3130ebf99b2,Evander Holyfield,6,1,6,5,1
1,1,R,dense_rank,c_f6318fd0c251,Joey McIntyre,6,1,6,5,1
1,2,R,dense_rank,c_0682911ef89b,Rachel Hunter,6,1,6,5,1
1,2,R,dense_rank,c_49123aa8f5b9,John O'Hurley,6,1,6,5,1
1,2,R,dense_rank,c_6137c0511f62,Trista Sutter,6,3,6,3,0.6
1,2,R,dense_rank,c_71c2de6f33c9,Kelly Monaco,6,1,5,4,0.8
1,2,R,dense_rank,c_b3130ebf99b2,Evander Holyfield,6,1,4,3,0.6
1,2,R,dense_rank,c_f6318fd0c251,Joey McIntyre,6,1,6,5,1
1,3,R,dense_rank,c_0682911ef89b,Rachel Hunter,5,1,5,4,1
1,3,R,dense_rank,c_49123aa8f5b9,John O'Hurley,5,1,5,4,1
1,3,R,dense_rank,c_71c2de6f33c9,Kelly Monaco,5,1,5,4,1
1,3,R,dense_rank,c_b3130ebf99b2,Evander Holyfield,5,1,5,4,1
1,3,R,dense_rank,c_f6318fd0c251,Joey McIntyre,5,1,5,4,1
1,4,R,dense_rank,c_0682911ef89b,Rachel Hunter,4,3,4,1,0.333333333333
1,4,R,dense_rank,c_49123aa8f5b9,John O'Hurley,4,1,3,2,0.666666666667
1,4,R,dense_rank,c_71c2de6f33c9,Kelly Monaco,4,1,4,3,1
1,4,R,dense_rank,c_f6318fd0c251,Joey McIntyre,4,1,2,1,0.333333333333
1,5,R,dense_rank,c_49123aa8f5b9,John O'Hurley,3,1,3,2,1
1,5,R,dense_rank,c_71c2de6f33c9,Kelly Monaco,3,1,3,2,1
1,5,R,dense_rank,c_f6318fd0c251,Joey McIntyre,3,1,3,2,1
1,6,R,dense_rank,c_49123aa8f5b9,John O'Hurley,2,1,2,1,1
1,6,R,dense_rank,c_71c2de6f33c9,Kelly Monaco,2,1,2,1,1
2,1,R,dense_rank,c_13a7bbd24206,Giselle Fernandez,10,1,10,9,1
2,1,R,dense_rank,c_177970c9c122,Kenny Mayne,10,3,10,7,0.777777777778
2,1,R,dense_rank,c_3f08c95bde83,Drew Lachey,10,1,10,9,1
2,1,R,dense_rank,c_4cf510a71847,Jerry Rice,10,1,10,9,1
2,1,R,dense_rank,c_53e4c2aa2341,Lisa Rinna,10,1,10,9,1
2,1,R,dense_rank,c_7054ec253426,Master P,10,1,9,8,0.888888888889
2,1,R,dense_rank,c_7758f7fcffaf,Stacy Keibler,10,1,10,9,1
2,1,R,dense_rank,c_ca6e18e948c8,Tatum O'Neal,10,1,10,9,1
2,1,R,dense_rank,c_ce811e8a803f,Tia Carrere,10,1,10,9,1
2,1,R,dense_rank,c_ee75a32adcd8,George Hamilton,10,1,10,9,1
2,2,R,dense_rank,c_13a7bbd24206,Giselle Fernandez,9,1,9,8,1
2,2,R,dense_rank,c_3f08c95bde83,Drew Lachey,9,1,9,8,1
2,2,R,dense_rank,c_4cf510a71847,Jerry Rice,9,1,9,8,1
2,2,R,dense_rank,c_53e4c2aa2341,Lisa Rinna,9,1,9,8,1
2,2,R,dense_rank,c_7054ec253426,Master P,9,1,8,7,0.875
2,2,R,dense_rank,c_7758f7fcffaf,Stacy Keibler,9,1,9,8,1
2,2,R,dense_rank,c_ca6e18e948c8,Tatum O'Neal,9,3,9,6,0.75
2,2,R,dense_rank,c_ce811e8a803f,Tia Carrere,9,1,9,8,1
2,2,R,dense_rank,c_ee75a32adcd8,George Hamilton,9,1,9,8,1
2,3,R,dense_rank,c_13a7bbd24206,Giselle Fernandez,8,5,8,3,0.428571428571
2,3,R,dense_rank,c_3f08c95bde83,Drew Lachey,8,1,8,7,1
2,3,R,dense_rank,c_4cf510a71847,Jerry Rice,8,1,7,6,0.857142857143
2,3,R,dense_rank,c_53e4c2aa2341,Lisa Rinna,8,1,8,7,1
2,3,R,dense_rank,c_7054ec253426,Master P,8,1,6,5,0.714285714286
2,3,R,dense_rank,c_7758f7fcffaf,Stacy Keibler,8,1,8,7,1
2,3,R,dense_rank,c_ce811e8a803f,Tia Carrere,8,1,8,7,1
2,3,R,dense_rank,c_ee75a32adcd8,George Hamilton,8,1,7,6,0.857142857143
2,4,R,dense_rank,c_3f08c95bde83,Drew Lachey,7,1,7,6,1
2,4,R,dense_rank,c_4cf510a71847,Jerry Rice,7,1,7,6,1
2,4,R,dense_rank,c_53e4c2aa2341,Lisa Rinna,7,1,7,6,1
2,4,R,dense_rank,c_7054ec253426,Master P,7,2,7,5,0.833333333333
2,4,R,dense_rank,c_7758f7fcffaf,Stacy Keibler,7,1,7,6,1
2,4,R,dense_rank,c_ce811e8a803f,Tia Carrere,7,1,7,6,1
2,4,R,dense_rank,c_ee75a32adcd8,George Hamilton,7,1,7,6,1
2,5,R,dense_rank,c_3f08c95bde83,Drew Lachey,6,1,6,5,1
2,5,R,dense_rank,c_4cf510a71847,Jerry Rice,6,1,6,5,1
2,5,R,dense_rank,c_53e4c2aa2341,Lisa Rinna,6,1,6,5,1
2,5,R,dense_rank,c_7758f7fcffaf,Stacy Keibler,6,1,6,5,1
2,5,R,dense_rank,c_ce811e8a803f,Tia Carrere,6,1,6,5,1
2,5,R,dense_rank,c_ee75a32adcd8,George Hamilton,6,1,6,5,1
2,6,R,dense_rank,c_3f08c95bde83,Drew Lachey,5,1,5,4,1
2,6,R,dense_rank,c_4cf510a71847,Jerry Rice,5,1,4,3,0.75
2,6,R,dense_rank,c_53e4c2aa2341,Lisa Rinna,5,1,5,4,1
2,6,R,dense_rank,c_7758f7fcffaf,Stacy Keibler,5,1,5,4,1
2,6,R,dense_rank,c_ee75a32adcd8,George Hamilton,5,3,5,2,0.5
2,7,R,dense_rank,c_3f08c95bde83,Drew Lachey,4,1,4,3,1
2,7,R,dense_rank,c_4cf510a71847,Jerry Rice,4,1,3,2,0.666666666667
2,7,R,dense_rank,c_53e4c2aa2341,Lisa Rinna,4,3,4,1,0.333333333333
2,7,R,dense_rank,c_7758f7fcffaf,Stacy Keibler,4,1,4,3,1
2,8,R,dense_rank,c_3f08c95bde83,Drew Lachey,3,1,3,2,1
2,8,R,dense_rank,c_4cf510a71847,Jerry Rice,3,1,2,1,0.5
2,8,R,dense_rank,c_7758f7fcffaf,Stacy Keibler,3,2,3,1,0.5
28,1,R_plus,dense_rank,c_200c4ff12963,James Van Der Beek,12,1,12,11,1
28,1,R_plus,dense_rank,c_60ec454a8400,Lauren Alaina,12,1,12,11,1
28,1,R_plus,dense_rank,c_6e362448efdd,Karamo Brown,12,1,12,11,1
28,1,R_plus,dense_rank,c_7d1f20af7e47,Sailor Brinkley-Cook,12,1,12,11,1
28,1,R_plus,dense_rank,c_97f8d8bcc4a3,Sean Spicer,12,1,12,11,1
28,1,R_plus,dense_rank,c_ad0ab76e15e2,Ally Brooke,12,1,12,11,1
28,1,R_plus,dense_rank,c_cd8555c4c4a3,Mary Wilson,12,1,12,11,1
28,1,R_plus,dense_rank,c_d408ea6aae97,Ray Lewis,12,1,12,11,1
28,1,R_plus,dense_rank,c_d78aaf5fec0f,Hannah Brown,12,1,12,11,1
28,1,R_plus,dense_rank,c_dbf097fbad67,Kel Mitchell,12,1,12,11,1
28,1,R_plus,dense_rank,c_ec2dfdbef29a,Kate Flannery,12,1,12,11,1
28,1,R_plus,dense_rank,c_f447678289a9,Lamar Odom,12,1,12,11,1
28,2,R_plus,dense_rank,c_200c4ff12963,James Van Der Beek,12,1,12,11,1
28,2,R_plus,dense_rank,c_60ec454a8400,Lauren Alaina,12,1,12,11,1
28,2,R_plus,dense_rank,c_6e362448efdd,Karamo Brown,12,1,12,11,1
28,2,R_plus,dense_rank,c_7d1f20af7e47,Sailor Brinkley-Cook,12,1,12,11,1
28,2,R_plus,dense_rank,c_97f8d8bcc4a3,Sean Spicer,12,1,12,11,1
28,2,R_plus,dense_rank,c_ad0ab76e15e2,Ally Brooke,12,1,12,11,1
28,2,R_plus,dense_rank,c_cd8555c4c4a3,Mary Wilson,12,4,12,8,0.727272727273
28,2,R_plus,dense_rank,c_d408ea6aae97,Ray Lewis,12,1,12,11,1
28,2,R_plus,dense_rank,c_d78aaf5fec0f,Hannah Brown,12,1,12,11,1
28,2,R_plus,dense_rank,c_dbf097fbad67,Kel Mitchell,12,1,12,11,1
28,2,R_plus,dense_rank,c_ec2dfdbef29a,Kate Flannery,12,1,12,11,1
28,2,R_plus,dense_rank,c_f447678289a9,Lamar Odom,12,1,12,11,1
28,3,R_plus,dense_rank,c_200c4ff12963,James Van Der Beek,10,1,10,9,1
28,3,R_plus,dense_rank,c_60ec454a8400,Lauren Alaina,10,1,10,9,1
28,3,R_plus,dense_rank,c_6e362448efdd,Karamo Brown,10,1,10,9,1
28,3,R_plus,dense_rank,c_7d1f20af7e47,Sailor Brinkley-Cook,10,1,10,9,1
28,3,R_plus,dense_rank,c_97f8d8bcc4a3,Sean Spicer,10,1,10,9,1
28,3,R_plus,dense_rank,c_ad0ab76e15e2,Ally Brooke,10,1,10,9,1
28,3,R_plus,dense_rank,c_d78aaf5fec0f,Hannah Brown,10,1,10,9,1
28,3,R_plus,dense_rank,c_dbf097fbad67,Kel Mitchell,10,1,10,9,1
28,3,R_plus,dense_rank,c_ec2dfdbef29a,Kate Flannery,10,1,10,9,1
28,3,R_plus,dense_rank,c_f447678289a9,Lamar Odom,10,1,10,9,1
28,4,R_plus,dense_rank,c_200c4ff12963,James Van Der Beek,10,1,10,9,1
28,4,R_plus,dense_rank,c_60ec454a8400,Lauren Alaina,10,1,10,9,1
28,4,R_plus,dense_rank,c_6e362448efdd,Karamo Brown,10,1,10,9,1
28,4,R_plus,dense_rank,c_7d1f20af7e47,Sailor Brinkley-Cook,10,1,10,9,1
28,4,R_plus,dense_rank,c_97f8d8bcc4a3,Sean Spicer,10,1,10,9,1
28,4,R_plus,dense_rank,c_ad0ab76e15e2,Ally Brooke,10,1,10,9,1
28,4,R_plus,dense_rank,c_d78aaf5fec0f,Hannah Brown,10,1,10,9,1
28,4,R_plus,dense_rank,c_dbf097fbad67,Kel Mitchell,10,1,10,9,1
28,4,R_plus,dense_rank,c_ec2dfdbef29a,Kate Flannery,10,1,10,9,1
28,4,R_plus,dense_rank,c_f447678289a9,Lamar Odom,10,4,10,6,0.666666666667
28,5,R_plus,dense_rank,c_200c4ff12963,James Van Der Beek,9,1,9,8,1
28,5,R_plus,dense_rank,c_60ec454a8400,Lauren Alaina,9,1,9,8,1
28,5,R_plus,dense_rank,c_6e362448efdd,Karamo Brown,9,1,9,8,1
28,5,R_plus,dense_rank,c_7d1f20af7e47,Sailor Brinkley-Cook,9,1,9,8,1
28,5,R_plus,dense_rank,c_97f8d8bcc4a3,Sean Spicer,9,1,9,8,1
28,5,R_plus,dense_rank,c_ad0ab76e15e2,Ally Brooke,9,1,9,8,1
28,5,R_plus,dense_rank,c_d78aaf5fec0f,Hannah Brown,9,1,9,8,1
28,5,R_plus,dense_rank,c_dbf097fbad67,Kel Mitchell,9,1,9,8,1
28,5,R_plus,dense_rank,c_ec2dfdbef29a,Kate Flannery,9,1,9,8,1
28,6,R_plus,dense_rank,c_200c4ff12963,James Van Der Beek,9,1,9,8,1
28,6,R_plus,dense_rank,c_60ec454a8400,Lauren Alaina,9,1,9,8,1
28,6,R_plus,dense_rank,c_6e362448efdd,Karamo Brown,9,1,9,8,1
28,6,R_plus,dense_rank,c_7d1f20af7e47,Sailor Brinkley-Cook,9,8,9,1,0.125
28,6,R_plus,dense_rank,c_97f8d8bcc4a3,Sean Spicer,9,1,9,8,1
28,6,R_plus,dense_rank,c_ad0ab76e15e2,Ally Brooke,9,1,9,8,1
28,6,R_plus,dense_rank,c_d78aaf5fec0f,Hannah Brown,9,1,9,8,1
28,6,R_plus,dense_rank,c_dbf097fbad67,Kel Mitchell,9,1,9,8,1
28,6,R_plus,dense_rank,c_ec2dfdbef29a,Kate Flannery,9,1,9,8,1
28,7,R_plus,dense_rank,c_200c4ff12963,James Van Der Beek,8,1,8,7,1
28,7,R_plus,dense_rank,c_60ec454a8400,Lauren Alaina,8,1,8,7,1
28,7,R_plus,dense_rank,c_6e362448efdd,Karamo Brown,8,4,8,4,0.571428571429
28,7,R_plus,dense_rank,c_97f8d8bcc4a3,Sean Spicer,8,1,8,7,1
28,7,R_plus,dense_rank,c_ad0ab76e15e2,Ally Brooke,8,1,8,7,1
28,7,R_plus,dense_rank,c_d78aaf5fec0f,Hannah Brown,8,1,8,7,1
28,7,R_plus,dense_rank,c_dbf097fbad67,Kel Mitchell,8,1,8,7,1
28,7,R_plus,dense_rank,c_ec2dfdbef29a,Kate Flannery,8,1,8,7,1
28,8,R_plus,dense_rank,c_200c4ff12963,James Van Der Beek,7,1,7,6,1
28,8,R_plus,dense_rank,c_60ec454a8400,Lauren Alaina,7,1,7,6,1
28,8,R_plus,dense_rank,c_97f8d8bcc4a3,Sean Spicer,7,1,7,6,1
28,8,R_plus,dense_rank,c_ad0ab76e15e2,Ally Brooke,7,1,7,6,1
28,8,R_plus,dense_rank,c_d78aaf5fec0f,Hannah Brown,7,1,7,6,1
28,8,R_plus,dense_rank,c_dbf097fbad67,Kel Mitchell,7,1,7,6,1
28,8,R_plus,dense_rank,c_ec2dfdbef29a,Kate Flannery,7,2,7,5,0.833333333333
28,9,R_plus,dense_rank,c_200c4ff12963,James Van Der Beek,6,1,6,5,1
28,9,R_plus,dense_rank,c_60ec454a8400,Lauren Alaina,6,1,6,5,1
28,9,R_plus,dense_rank,c_97f8d8bcc4a3,Sean Spicer,6,1,6,5,1
28,9,R_plus,dense_rank,c_ad0ab76e15e2,Ally Brooke,6,1,6,5,1
28,9,R_plus,dense_rank,c_d78aaf5fec0f,Hannah Brown,6,1,6,5,1
28,9,R_plus,dense_rank,c_dbf097fbad67,Kel Mitchell,6,1,6,5,1
28,10,R_plus,dense_rank,c_200c4ff12963,James Van Der Beek,5,1,5,4,1
28,10,R_plus,dense_rank,c_60ec454a8400,Lauren Alaina,5,1,5,4,1
28,10,R_plus,dense_rank,c_ad0ab76e15e2,Ally Brooke,5,1,5,4,1
28,10,R_plus,dense_rank,c_d78aaf5fec0f,Hannah Brown,5,1,5,4,1
28,10,R_plus,dense_rank,c_dbf097fbad67,Kel Mitchell,5,1,5,4,1
28,11,R_plus,dense_rank,c_60ec454a8400,Lauren Alaina,4,1,4,3,1
28,11,R_plus,dense_rank,c_ad0ab76e15e2,Ally Brooke,4,3,4,1,0.333333333333
28,11,R_plus,dense_rank,c_d78aaf5fec0f,Hannah Brown,4,1,2,1,0.333333333333
28,11,R_plus,dense_rank,c_dbf097fbad67,Kel Mitchell,4,2,3,1,0.333333333333
29,1,R_plus,dense_rank,c_070a9cf4335b,Nev Schulman,15,1,15,14,1
29,1,R_plus,dense_rank,c_11dab416256e,Johnny Weir,15,1,15,14,1
29,1,R_plus,dense_rank,c_249fee0c5f0e,Chrishell Stause,15,1,15,14,1
29,1,R_plus,dense_rank,c_3f32d6efef34,AJ McLean,15,1,15,14,1
29,1,R_plus,dense_rank,c_4a8d25406f8b,Kaitlyn Bristowe,15,1,15,14,1
29,1,R_plus,dense_rank,c_573652556221,Nelly,15,1,15,14,1
29,1,R_plus,dense_rank,c_65d6cab6dadb,Carole Baskin,15,1,15,14,1
29,1,R_plus,dense_rank,c_74452ad09396,Anne Heche,15,1,15,14,1
29,1,R_plus,dense_rank,c_753fc2e06368,Skai Jackson,15,1,15,14,1
29,1,R_plus,dense_rank,c_7a0bc074d7ee,Charles Oakley,15,1,15,14,1
29,1,R_plus,dense_rank,c_7c2348559a18,Veron Davis,15,1,15,14,1
29,1,R_plus,dense_rank,c_823f9ca9ea5e,Monica Aldama,15,1,15,14,1
29,1,R_plus,dense_rank,c_8bc88f2bc529,Justina Machado,15,1,15,14,1
29,1,R_plus,dense_rank,c_8cbaf01f9030,Jesse Metcalfe,15,1,15,14,1
29,1,R_plus,dense_rank,c_ace5e5d137ce,Jeannie Mai,15,1,15,14,1
29,2,R_plus,dense_rank,c_070a9cf4335b,Nev Schulman,15,1,15,14,1
29,2,R_plus,dense_rank,c_11dab416256e,Johnny Weir,15,1,15,14,1
29,2,R_plus,dense_rank,c_249fee0c5f0e,Chrishell Stause,15,1,15,14,1
29,2,R_plus,dense_rank,c_3f32d6efef34,AJ McLean,15,1,15,14,1
29,2,R_plus,dense_rank,c_4a8d25406f8b,Kaitlyn Bristowe,15,1,15,14,1
29,2,R_plus,dense_rank,c_573652556221,Nelly,15,1,15,14,1
29,2,R_plus,dense_rank,c_65d6cab6dadb,Carole Baskin,15,1,15,14,1
29,2,R_plus,dense_rank,c_74452ad09396,Anne Heche,15,1,15,14,1
29,2,R_plus,dense_rank,c_753fc2e06368,Skai Jackson,15,1,15,14,1
29,2,R_plus,dense_rank,c_7a0bc074d7ee,Charles Oakley,15,8,15,7,0.5
29,2,R_plus,dense_rank,c_7c2348559a18,Veron Davis,15,1,15,14,1
29,2,R_plus,dense_rank,c_823f9ca9ea5e,Monica Aldama,15,1,15,14,1
29,2,R_plus,dense_rank,c_8bc88f2bc529,Justina Machado,15,1,15,14,1
29,2,R_plus,dense_rank,c_8cbaf01f9030,Jesse Metcalfe,15,1,15,14,1
29,2,R_plus,dense_rank,c_ace5e5d137ce,Jeannie Mai,15,1,15,14,1
29,3,R_plus,dense_rank,c_070a9cf4335b,Nev Schulman,14,1,14,13,1
29,3,R_plus,dense_rank,c_11dab416256e,Johnny Weir,14,1,14,13,1
29,3,R_plus,dense_rank,c_249fee0c5f0e,Chrishell Stause,14,1,14,13,1
29,3,R_plus,dense_rank,c_3f32d6efef34,AJ McLean,14,1,14,13,1
29,3,R_plus,dense_rank,c_4a8d25406f8b,Kaitlyn Bristowe,14,1,14,13,1
29,3,R_plus,dense_rank,c_573652556221,Nelly,14,1,14,13,1
29,3,R_plus,dense_rank,c_65d6cab6dadb,Carole Baskin,14,5,14,9,0.692307692308
29,3,R_plus,dense_rank,c_74452ad09396,Anne Heche,14,1,14,13,1
29,3,R_plus,dense_rank,c_753fc2e06368,Skai Jackson,14,1,14,13,1
29,3,R_plus,dense_rank,c_7c2348559a18,Veron Davis,14,1,14,13,1
29,3,R_plus,dense_rank,c_823f9ca9ea5e,Monica Aldama,14,1,14,13,1
29,3,R_plus,dense_rank,c_8bc88f2bc529,Justina Machado,14,1,14,13,1
29,3,R_plus,dense_rank,c_8cbaf01f9030,Jesse Metcalfe,14,1,14,13,1
29,3,R_plus,dense_rank,c_ace5e5d137ce,Jeannie Mai,14,1,14,13,1
29,4,R_plus,dense_rank,c_070a9cf4335b,Nev Schulman,13,1,13,12,1
29,4,R_plus,dense_rank,c_11dab416256e,Johnny Weir,13,1,13,12,1
29,4,R_plus,dense_rank,c_249fee0c5f0e,Chrishell Stause,13,1,13,12,1
29,4,R_plus,dense_rank,c_3f32d6efef34,AJ McLean,13,1,13,12,1
29,4,R_plus,dense_rank,c_4a8d25406f8b,Kaitlyn Bristowe,13,1,13,12,1
29,4,R_plus,dense_rank,c_573652556221,Nelly,13,1,13,12,1
29,4,R_plus,dense_rank,c_74452ad09396,Anne Heche,13,8,13,5,0.416666666667
29,4,R_plus,dense_rank,c_753fc2e06368,Skai Jackson,13,1,13,12,1
29,4,R_plus,dense_rank,c_7c2348559a18,Veron Davis,13,1,13,12,1
29,4,R_plus,dense_rank,c_823f9ca9ea5e,Monica Aldama,13,1,13,12,1
29,4,R_plus,dense_rank,c_8bc88f2bc529,Justina Machado,13,1,13,12,1
29,4,R_plus,dense_rank,c_8cbaf01f9030,Jesse Metcalfe,13,1,13,12,1
29,4,R_plus,dense_rank,c_ace5e5d137ce,Jeannie Mai,13,1,13,12,1
29,5,R_plus,dense_rank,c_070a9cf4335b,Nev Schulman,12,1,12,11,1
29,5,R_plus,dense_rank,c_11dab416256e,Johnny Weir,12,1,12,11,1
29,5,R_plus,dense_rank,c_249fee0c5f0e,Chrishell Stause,12,1,12,11,1
29,5,R_plus,dense_rank,c_3f32d6efef34,AJ McLean,12,1,12,11,1
29,5,R_plus,dense_rank,c_4a8d25406f8b,Kaitlyn Bristowe,12,1,12,11,1
29,5,R_plus,dense_rank,c_573652556221,Nelly,12,1,12,11,1
29,5,R_plus,dense_rank,c_753fc2e06368,Skai Jackson,12,1,12,11,1
29,5,R_plus,dense_rank,c_7c2348559a18,Veron Davis,12,1,12,11,1
29,5,R_plus,dense_rank,c_823f9ca9ea5e,Monica Aldama,12,1,12,11,1
29,5,R_plus,dense_rank,c_8bc88f2bc529,Justina Machado,12,1,12,11,1
29,5,R_plus,dense_rank,c_8cbaf01f9030,Jesse Metcalfe,12,6,12,6,0.545454545455
29,5,R_plus,dense_rank,c_ace5e5d137ce,Jeannie Mai,12,1,12,11,1
29,6,R_plus,dense_rank,c_070a9cf4335b,Nev Schulman,11,1,11,10,1
29,6,R_plus,dense_rank,c_11dab416256e,Johnny Weir,11,1,11,10,1
29,6,R_plus,dense_rank,c_249fee0c5f0e,Chrishell Stause,11,1,11,10,1
29,6,R_plus,dense_rank,c_3f32d6efef34,AJ McLean,11,1,11,10,1
29,6,R_plus,dense_rank,c_4a8d25406f8b,Kaitlyn Bristowe,11,1,11,10,1
29,6,R_plus,dense_rank,c_573652556221,Nelly,11,1,11,10,1
29,6,R_plus,dense_rank,c_753fc2e06368,Skai Jackson,11,1,11,10,1
29,6,R_plus,dense_rank,c_7c2348559a18,Veron Davis,11,5,11,6,0.6
29,6,R_plus,dense_rank,c_823f9ca9ea5e,Monica Aldama,11,1,11,10,1
29,6,R_plus,dense_rank,c_8bc88f2bc529,Justina Machado,11,1,11,10,1
29,6,R_plus,dense_rank,c_ace5e5d137ce,Jeannie Mai,11,1,11,10,1
29,7,R_plus,dense_rank,c_070a9cf4335b,Nev Schulman,10,1,10,9,1
29,7,R_plus,dense_rank,c_11dab416256e,Johnny Weir,10,1,10,9,1
29,7,R_plus,dense_rank,c_249fee0c5f0e,Chrishell Stause,10,1,10,9,1
29,7,R_plus,dense_rank,c_3f32d6efef34,AJ McLean,10,1,10,9,1
29,7,R_plus,dense_rank,c_4a8d25406f8b,Kaitlyn Bristowe,10,1,10,9,1
29,7,R_plus,dense_rank,c_573652556221,Nelly,10,1,10,9,1
29,7,R_plus,dense_rank,c_753fc2e06368,Skai Jackson,10,1,10,9,1
29,7,R_plus,dense_rank,c_823f9ca9ea5e,Monica Aldama,10,3,10,7,0.777777777778
29,7,R_plus,dense_rank,c_8bc88f2bc529,Justina Machado,10,1,10,9,1
29,7,R_plus,dense_rank,c_ace5e5d137ce,Jeannie Mai,10,1,10,9,1
29,8,R_plus,dense_rank,c_070a9cf4335b,Nev Schulman,8,1,8,7,1
29,8,R_plus,dense_rank,c_11dab416256e,Johnny Weir,8,1,8,7,1
29,8,R_plus,dense_rank,c_249fee0c5f0e,Chrishell Stause,8,4,8,4,0.571428571429
29,8,R_plus,dense_rank,c_3f32d6efef34,AJ McLean,8,1,8,7,1
29,8,R_plus,dense_rank,c_4a8d25406f8b,Kaitlyn Bristowe,8,1,8,7,1
29,8,R_plus,dense_rank,c_573652556221,Nelly,8,1,8,7,1
29,8,R_plus,dense_rank,c_753fc2e06368,Skai Jackson,8,1,8,7,1
29,8,R_plus,dense_rank,c_8bc88f2bc529,Justina Machado,8,1,8,7,1
29,9,R_plus,dense_rank,c_070a9cf4335b,Nev Schulman,7,1,7,6,1
29,9,R_plus,dense_rank,c_11dab416256e,Johnny Weir,7,1,7,6,1
29,9,R_plus,dense_rank,c_3f32d6efef34,AJ McLean,7,3,7,4,0.666666666667
29,9,R_plus,dense_rank,c_4a8d25406f8b,Kaitlyn Bristowe,7,1,7,6,1
29,9,R_plus,dense_rank,c_573652556221,Nelly,7,1,7,6,1
29,9,R_plus,dense_rank,c_753fc2e06368,Skai Jackson,7,1,7,6,1
29,9,R_plus,dense_rank,c_8bc88f2bc529,Justina Machado,7,1,7,6,1
29,10,R_plus,dense_rank,c_070a9cf4335b,Nev Schulman,6,1,6,5,1
29,10,R_plus,dense_rank,c_11dab416256e,Johnny Weir,6,2,6,4,0.8
29,10,R_plus,dense_rank,c_4a8d25406f8b,Kaitlyn Bristowe,6,1,6,5,1
29,10,R_plus,dense_rank,c_573652556221,Nelly,6,1,6,5,1
29,10,R_plus,dense_rank,c_753fc2e06368,Skai Jackson,6,2,6,4,0.8
29,10,R_plus,dense_rank,c_8bc88f2bc529,Justina Machado,6,1,6,5,1
29,11,R_plus,dense_rank,c_070a9cf4335b,Nev Schulman,4,2,3,1,0.333333333333
29,11,R_plus,dense_rank,c_4a8d25406f8b,Kaitlyn Bristowe,4,1,1,0,0
29,11,R_plus,dense_rank,c_573652556221,Nelly,4,2,3,1,0.333333333333
29,11,R_plus,dense_rank,c_8bc88f2bc529,Justina Machado,4,4,4,0,0
30,1,R_plus,dense_rank,c_04ef229c7ff0,Kenya Moore,15,1,15,14,1
30,1,R_plus,dense_rank,c_1c05f6d66a3f,Matt James,15,1,15,14,1
30,1,R_plus,dense_rank,c_71da7b768d6d,Jimmie Allen,15,1,15,14,1
30,1,R_plus,dense_rank,c_7dbe643a5b94,Melanie C,15,1,15,14,1
30,1,R_plus,dense_rank,c_84deafeeb974,Amanda Kloots,15,1,15,14,1
30,1,R_plus,dense_rank,c_8b3d0c71d246,Suni Lee,15,1,15,14,1
30,1,R_plus,dense_rank,c_9b015ed7e42e,Cody Rigsby,15,1,15,14,1
30,1,R_plus,dense_rank,c_a71bf11ea29e,Olivia Jade,15,1,15,14,1
30,1,R_plus,dense_rank,c_a72a230eaba2,Melora Hardin,15,1,15,14,1
30,1,R_plus,dense_rank,c_b002034162db,Christine Chiu,15,1,15,14,1
30,1,R_plus,dense_rank,c_dceaa5c7f8dd,Iman Shumpert,15,1,15,14,1
30,1,R_plus,dense_rank,c_def7afb85d8e,JoJo Siwa,15,1,15,14,1
30,1,R_plus,dense_rank,c_dff70a5b7575,Martin Kove,15,1,15,14,1
30,1,R_plus,dense_rank,c_dffffa72652e,Brian Austin Green,15,1,15,14,1
30,1,R_plus,dense_rank,c_f1e90bd6e09a,"Mike ""The Miz"" Mizanin",15,1,15,14,1
30,2,R_plus,dense_rank,c_04ef229c7ff0,Kenya Moore,15,1,15,14,1
30,2,R_plus,dense_rank,c_1c05f6d66a3f,Matt James,15,1,15,14,1
30,2,R_plus,dense_rank,c_71da7b768d6d,Jimmie Allen,15,1,15,14,1
30,2,R_plus,dense_rank,c_7dbe643a5b94,Melanie C,15,1,15,14,1
30,2,R_plus,dense_rank,c_84deafeeb974,Amanda Kloots,15,1,15,14,1
30,2,R_plus,dense_rank,c_8b3d0c71d246,Suni Lee,15,1,15,14,1
30,2,R_plus,dense_rank,c_9b015ed7e42e,Cody Rigsby,15,1,15,14,1
30,2,R_plus,dense_rank,c_a71bf11ea29e,Olivia Jade,15,1,15,14,1
30,2,R_plus,dense_rank,c_a72a230eaba2,Melora Hardin,15,1,15,14,1
30,2,R_plus,dense_rank,c_b002034162db,Christine Chiu,15,1,15,14,1
30,2,R_plus,dense_rank,c_dceaa5c7f8dd,Iman Shumpert,15,1,15,14,1
30,2,R_plus,dense_rank,c_def7afb85d8e,JoJo Siwa,15,1,15,14,1
30,2,R_plus,dense_rank,c_dff70a5b7575,Martin Kove,15,4,15,11,0.785714285714
30,2,R_plus,dense_rank,c_dffffa72652e,Brian Austin Green,15,1,15,14,1
30,2,R_plus,dense_rank,c_f1e90bd6e09a,"Mike ""The Miz"" Mizanin",15,1,15,14,1
30,3,R_plus,dense_rank,c_04ef229c7ff0,Kenya Moore,14,1,14,13,1
30,3,R_plus,dense_rank,c_1c05f6d66a3f,Matt James,14,1,14,13,1
30,3,R_plus,dense_rank,c_71da7b768d6d,Jimmie Allen,14,1,14,13,1
30,3,R_plus,dense_rank,c_7dbe643a5b94,Melanie C,14,1,14,13,1
30,3,R_plus,dense_rank,c_84deafeeb974,Amanda Kloots,14,1,14,13,1
30,3,R_plus,dense_rank,c_8b3d0c71d246,Suni Lee,14,1,14,13,1
30,3,R_plus,dense_rank,c_9b015ed7e42e,Cody Rigsby,14,1,14,13,1
30,3,R_plus,dense_rank,c_a71bf11ea29e,Olivia Jade,14,1,14,13,1
30,3,R_plus,dense_rank,c_a72a230eaba2,Melora Hardin,14,1,14,13,1
30,3,R_plus,dense_rank,c_b002034162db,Christine Chiu,14,10,14,4,0.307692307692
30,3,R_plus,dense_rank,c_dceaa5c7f8dd,Iman Shumpert,14,1,14,13,1
30,3,R_plus,dense_rank,c_def7afb85d8e,JoJo Siwa,14,1,14,13,1
30,3,R_plus,dense_rank,c_dffffa72652e,Brian Austin Green,14,1,14,13,1
30,3,R_plus,dense_rank,c_f1e90bd6e09a,"Mike ""The Miz"" Mizanin",14,1,14,13,1
30,4,R_plus,dense_rank,c_04ef229c7ff0,Kenya Moore,13,1,13,12,1
30,4,R_plus,dense_rank,c_1c05f6d66a3f,Matt James,13,3,13,10,0.833333333333
30,4,R_plus,dense_rank,c_71da7b768d6d,Jimmie Allen,13,1,13,12,1
30,4,R_plus,dense_rank,c_7dbe643a5b94,Melanie C,13,1,13,12,1
30,4,R_plus,dense_rank,c_84deafeeb974,Amanda Kloots,13,1,13,12,1
30,4,R_plus,dense_rank,c_8b3d0c71d246,Suni Lee,13,1,13,12,1
30,4,R_plus,dense_rank,c_9b015ed7e42e,Cody Rigsby,13,1,13,12,1
30,4,R_plus,dense_rank,c_a71bf11ea29e,Olivia Jade,13,1,13,12,1
30,4,R_plus,dense_rank,c_a72a230eaba2,Melora Hardin,13,1,13,12,1
30,4,R_plus,dense_rank,c_dceaa5c7f8dd,Iman Shumpert,13,1,13,12,1
30,4,R_plus,dense_rank,c_def7afb85d8e,JoJo Siwa,13,1,13,12,1
30,4,R_plus,dense_rank,c_dffffa72652e,Brian Austin Green,13,2,13,11,0.916666666667
30,4,R_plus,dense_rank,c_f1e90bd6e09a,"Mike ""The Miz"" Mizanin",13,1,13,12,1
30,5,R_plus,dense_rank,c_04ef229c7ff0,Kenya Moore,11,1,11,10,1
30,5,R_plus,dense_rank,c_71da7b768d6d,Jimmie Allen,11,1,11,10,1
30,5,R_plus,dense_rank,c_7dbe643a5b94,Melanie C,11,8,11,3,0.3
30,5,R_plus,dense_rank,c_84deafeeb974,Amanda Kloots,11,1,11,10,1
30,5,R_plus,dense_rank,c_8b3d0c71d246,Suni Lee,11,1,11,10,1
30,5,R_plus,dense_rank,c_9b015ed7e42e,Cody Rigsby,11,1,11,10,1
30,5,R_plus,dense_rank,c_a71bf11ea29e,Olivia Jade,11,1,11,10,1
30,5,R_plus,dense_rank,c_a72a230eaba2,Melora Hardin,11,1,11,10,1
30,5,R_plus,dense_rank,c_dceaa5c7f8dd,Iman Shumpert,11,1,11,10,1
30,5,R_plus,dense_rank,c_def7afb85d8e,JoJo Siwa,11,1,11,10,1
30,5,R_plus,dense_rank,c_f1e90bd6e09a,"Mike ""The Miz"" Mizanin",11,1,11,10,1
30,6,R_plus,dense_rank,c_04ef229c7ff0,Kenya Moore,10,5,10,5,0.555555555556
30,6,R_plus,dense_rank,c_71da7b768d6d,Jimmie Allen,10,1,10,9,1
30,6,R_plus,dense_rank,c_84deafeeb974,Amanda Kloots,10,1,10,9,1
30,6,R_plus,dense_rank,c_8b3d0c71d246,Suni Lee,10,1,10,9,1
30,6,R_plus,dense_rank,c_9b015ed7e42e,Cody Rigsby,10,1,10,9,1
30,6,R_plus,dense_rank,c_a71bf11ea29e,Olivia Jade,10,1,10,9,1
30,6,R_plus,dense_rank,c_a72a230eaba2,Melora Hardin,10,1,10,9,1
30,6,R_plus,dense_rank,c_dceaa5c7f8dd,Iman Shumpert,10,1,10,9,1
30,6,R_plus,dense_rank,c_def7afb85d8e,JoJo Siwa,10,1,10,9,1
30,6,R_plus,dense_rank,c_f1e90bd6e09a,"Mike ""The Miz"" Mizanin",10,1,10,9,1
30,7,R_plus,dense_rank,c_71da7b768d6d,Jimmie Allen,9,1,9,8,1
30,7,R_plus,dense_rank,c_84deafeeb974,Amanda Kloots,9,1,9,8,1
30,7,R_plus,dense_rank,c_8b3d0c71d246,Suni Lee,9,1,9,8,1
30,7,R_plus,dense_rank,c_9b015ed7e42e,Cody Rigsby,9,1,9,8,1
30,7,R_plus,dense_rank,c_a71bf11ea29e,Olivia Jade,9,1,9,8,1
30,7,R_plus,dense_rank,c_a72a230eaba2,Melora Hardin,9,1,9,8,1
30,7,R_plus,dense_rank,c_dceaa5c7f8dd,Iman Shumpert,9,1,9,8,1
30,7,R_plus,dense_rank,c_def7afb85d8e,JoJo Siwa,9,1,9,8,1
30,7,R_plus,dense_rank,c_f1e90bd6e09a,"Mike ""The Miz"" Mizanin",9,3,9,6,0.75
30,8,R_plus,dense_rank,c_71da7b768d6d,Jimmie Allen,8,1,8,7,1
30,8,R_plus,dense_rank,c_84deafeeb974,Amanda Kloots,8,1,8,7,1
30,8,R_plus,dense_rank,c_8b3d0c71d246,Suni Lee,8,1,8,7,1
30,8,R_plus,dense_rank,c_9b015ed7e42e,Cody Rigsby,8,1,8,7,1
30,8,R_plus,dense_rank,c_a71bf11ea29e,Olivia Jade,8,3,8,5,0.714285714286
30,8,R_plus,dense_rank,c_a72a230eaba2,Melora Hardin,8,1,8,7,1
30,8,R_plus,dense_rank,c_dceaa5c7f8dd,Iman Shumpert,8,1,8,7,1
30,8,R_plus,dense_rank,c_def7afb85d8e,JoJo Siwa,8,1,8,7,1
30,9,R_plus,dense_rank,c_84deafeeb974,Amanda Kloots,6,1,6,5,1
30,9,R_plus,dense_rank,c_8b3d0c71d246,Suni Lee,6,2,6,4,0.8
30,9,R_plus,dense_rank,c_9b015ed7e42e,Cody Rigsby,6,1,6,5,1
30,9,R_plus,dense_rank,c_a72a230eaba2,Melora Hardin,6,1,6,5,1
30,9,R_plus,dense_rank,c_dceaa5c7f8dd,Iman Shumpert,6,1,6,5,1
30,9,R_plus,dense_rank,c_def7afb85d8e,JoJo Siwa,6,1,6,5,1
30,10,R_plus,dense_rank,c_84deafeeb974,Amanda Kloots,4,3,4,1,0.333333333333
30,10,R_plus,dense_rank,c_9b015ed7e42e,Cody Rigsby,4,1,3,2,0.666666666667
30,10,R_plus,dense_rank,c_dceaa5c7f8dd,Iman Shumpert,4,1,2,1,0.333333333333
30,10,R_plus,dense_rank,c_def7afb85d8e,JoJo Siwa,4,2,4,2,0.666666666667
31,1,R_plus,dense_rank,c_0d5a2f599184,Jessie James Decker,16,1,16,15,1
31,1,R_plus,dense_rank,c_1159095f4a06,Daniel Durant,16,1,16,15,1
31,1,R_plus,dense_rank,c_41dbb7e37c3f,Jordin Sparks,16,1,16,15,1
31,1,R_plus,dense_rank,c_4576c1e717de,Joseph Baena,16,1,16,15,1
31,1,R_plus,dense_rank,c_4690169597bc,Heidi D'Amelio,16,1,16,15,1
31,1,R_plus,dense_rank,c_4805f1f102ab,Jason Lewis,16,6,16,10,0.666666666667
31,1,R_plus,dense_rank,c_6e2b2aba7b11,Selma Blair,16,1,16,15,1
31,1,R_plus,dense_rank,c_90c817bb5500,Gabby Windey,16,1,16,15,1
31,1,R_plus,dense_rank,c_a8ae5f82613f,Cheryl Ladd,16,1,16,15,1
31,1,R_plus,dense_rank,c_ae6bf360c8a4,Charli D'Amelio,16,1,16,15,1
31,1,R_plus,dense_rank,c_c71ddf354ea3,Wayne Brady,16,1,16,15,1
31,1,R_plus,dense_rank,c_e7b82e520741,Vinny Guadagnino,16,1,16,15,1
31,1,R_plus,dense_rank,c_f35311773a50,Shangela,16,1,16,15,1
31,1,R_plus,dense_rank,c_f437cc468edb,Sam Champion,16,1,16,15,1
31,1,R_plus,dense_rank,c_fa7ed2d79dc9,Teresa Giudice,16,1,16,15,1
31,1,R_plus,dense_rank,c_ff3d5df7f1dc,Trevor Donovan,16,1,16,15,1
31,2,R_plus,dense_rank,c_0d5a2f599184,Jessie James Decker,15,1,15,14,1
31,2,R_plus,dense_rank,c_1159095f4a06,Daniel Durant,15,1,15,14,1
31,2,R_plus,dense_rank,c_41dbb7e37c3f,Jordin Sparks,15,1,15,14,1
31,2,R_plus,dense_rank,c_4576c1e717de,Joseph Baena,15,1,15,14,1
31,2,R_plus,dense_rank,c_4690169597bc,Heidi D'Amelio,15,1,15,14,1
31,2,R_plus,dense_rank,c_6e2b2aba7b11,Selma Blair,15,1,15,14,1
31,2,R_plus,dense_rank,c_90c817bb5500,Gabby Windey,15,1,15,14,1
31,2,R_plus,dense_rank,c_a8ae5f82613f,Cheryl Ladd,15,1,15,14,1
31,2,R_plus,dense_rank,c_ae6bf360c8a4,Charli D'Amelio,15,1,15,14,1
31,2,R_plus,dense_rank,c_c71ddf354ea3,Wayne Brady,15,1,15,14,1
31,2,R_plus,dense_rank,c_e7b82e520741,Vinny Guadagnino,15,1,15,14,1
31,2,R_plus,dense_rank,c_f35311773a50,Shangela,15,1,15,14,1
31,2,R_plus,dense_rank,c_f437cc468edb,Sam Champion,15,1,15,14,1
31,2,R_plus,dense_rank,c_fa7ed2d79dc9,Teresa Giudice,15,6,15,9,0.642857142857
31,2,R_plus,dense_rank,c_ff3d5df7f1dc,Trevor Donovan,15,1,15,14,1
31,3,R_plus,dense_rank,c_0d5a2f599184,Jessie James Decker,14,1,14,13,1
31,3,R_plus,dense_rank,c_1159095f4a06,Daniel Durant,14,1,14,13,1
31,3,R_plus,dense_rank,c_41dbb7e37c3f,Jordin Sparks,14,1,14,13,1
31,3,R_plus,dense_rank,c_4576c1e717de,Joseph Baena,14,1,14,13,1
31,3,R_plus,dense_rank,c_4690169597bc,Heidi D'Amelio,14,1,14,13,1
31,3,R_plus,dense_rank,c_6e2b2aba7b11,Selma Blair,14,1,14,13,1
31,3,R_plus,dense_rank,c_90c817bb5500,Gabby Windey,14,1,14,13,1
31,3,R_plus,dense_rank,c_a8ae5f82613f,Cheryl Ladd,14,4,14,10,0.769230769231
31,3,R_plus,dense_rank,c_ae6bf360c8a4,Charli D'Amelio,14,1,14,13,1
31,3,R_plus,dense_rank,c_c71ddf354ea3,Wayne Brady,14,1,14,13,1
31,3,R_plus,dense_rank,c_e7b82e520741,Vinny Guadagnino,14,1,14,13,1
31,3,R_plus,dense_rank,c_f35311773a50,Shangela,14,1,14,13,1
31,3,R_plus,dense_rank,c_f437cc468edb,Sam Champion,14,1,14,13,1
31,3,R_plus,dense_rank,c_ff3d5df7f1dc,Trevor Donovan,14,1,14,13,1
31,4,R_plus,dense_rank,c_0d5a2f599184,Jessie James Decker,13,1,13,12,1
31,4,R_plus,dense_rank,c_1159095f4a06,Daniel Durant,13,1,13,12,1
31,4,R_plus,dense_rank,c_41dbb7e37c3f,Jordin Sparks,13,1,13,12,1
31,4,R_plus,dense_rank,c_4576c1e717de,Joseph Baena,13,1,13,12,1
31,4,R_plus,dense_rank,c_4690169597bc,Heidi D'Amelio,13,1,13,12,1
31,4,R_plus,dense_rank,c_6e2b2aba7b11,Selma Blair,13,1,13,12,1
31,4,R_plus,dense_rank,c_90c817bb5500,Gabby Windey,13,1,13,12,1
31,4,R_plus,dense_rank,c_ae6bf360c8a4,Charli D'Amelio,13,1,13,12,1
31,4,R_plus,dense_rank,c_c71ddf354ea3,Wayne Brady,13,1,13,12,1
31,4,R_plus,dense_rank,c_e7b82e520741,Vinny Guadagnino,13,1,13,12,1
31,4,R_plus,dense_rank,c_f35311773a50,Shangela,13,1,13,12,1
31,4,R_plus,dense_rank,c_f437cc468edb,Sam Champion,13,6,13,7,0.583333333333
31,4,R_plus,dense_rank,c_ff3d5df7f1dc,Trevor Donovan,13,1,13,12,1
31,5,R_plus,dense_rank,c_0d5a2f599184,Jessie James Decker,12,1,12,11,1
31,5,R_plus,dense_rank,c_1159095f4a06,Daniel Durant,12,1,12,11,1
31,5,R_plus,dense_rank,c_41dbb7e37c3f,Jordin Sparks,12,1,12,11,1
31,5,R_plus,dense_rank,c_4576c1e717de,Joseph Baena,12,3,12,9,0.818181818182
31,5,R_plus,dense_rank,c_4690169597bc,Heidi D'Amelio,12,1,12,11,1
31,5,R_plus,dense_rank,c_6e2b2aba7b11,Selma Blair,12,1,12,11,1
31,5,R_plus,dense_rank,c_90c817bb5500,Gabby Windey,12,1,12,11,1
31,5,R_plus,dense_rank,c_ae6bf360c8a4,Charli D'Amelio,12,1,12,11,1
31,5,R_plus,dense_rank,c_c71ddf354ea3,Wayne Brady,12,1,12,11,1
31,5,R_plus,dense_rank,c_e7b82e520741,Vinny Guadagnino,12,1,12,11,1
31,5,R_plus,dense_rank,c_f35311773a50,Shangela,12,1,12,11,1
31,5,R_plus,dense_rank,c_ff3d5df7f1dc,Trevor Donovan,12,1,12,11,1
31,6,R_plus,dense_rank,c_0d5a2f599184,Jessie James Decker,10,5,10,5,0.555555555556
31,6,R_plus,dense_rank,c_1159095f4a06,Daniel Durant,10,1,10,9,1
31,6,R_plus,dense_rank,c_41dbb7e37c3f,Jordin Sparks,10,1,10,9,1
31,6,R_plus,dense_rank,c_4690169597bc,Heidi D'Amelio,10,1,10,9,1
31,6,R_plus,dense_rank,c_90c817bb5500,Gabby Windey,10,1,10,9,1
31,6,R_plus,dense_rank,c_ae6bf360c8a4,Charli D'Amelio,10,1,10,9,1
31,6,R_plus,dense_rank,c_c71ddf354ea3,Wayne Brady,10,1,10,9,1
31,6,R_plus,dense_rank,c_e7b82e520741,Vinny Guadagnino,10,1,10,9,1
31,6,R_plus,dense_rank,c_f35311773a50,Shangela,10,1,10,9,1
31,6,R_plus,dense_rank,c_ff3d5df7f1dc,Trevor Donovan,10,1,10,9,1
31,7,R_plus,dense_rank,c_1159095f4a06,Daniel Durant,9,1,9,8,1
31,7,R_plus,dense_rank,c_41dbb7e37c3f,Jordin Sparks,9,3,9,6,0.75
31,7,R_plus,dense_rank,c_4690169597bc,Heidi D'Amelio,9,1,9,8,1
31,7,R_plus,dense_rank,c_90c817bb5500,Gabby Windey,9,1,9,8,1
31,7,R_plus,dense_rank,c_ae6bf360c8a4,Charli D'Amelio,9,1,9,8,1
31,7,R_plus,dense_rank,c_c71ddf354ea3,Wayne Brady,9,1,9,8,1
31,7,R_plus,dense_rank,c_e7b82e520741,Vinny Guadagnino,9,1,9,8,1
31,7,R_plus,dense_rank,c_f35311773a50,Shangela,9,1,9,8,1
31,7,R_plus,dense_rank,c_ff3d5df7f1dc,Trevor Donovan,9,1,9,8,1
31,8,R_plus,dense_rank,c_1159095f4a06,Daniel Durant,8,1,8,7,1
31,8,R_plus,dense_rank,c_4690169597bc,Heidi D'Amelio,8,2,8,6,0.857142857143
31,8,R_plus,dense_rank,c_90c817bb5500,Gabby Windey,8,1,8,7,1
31,8,R_plus,dense_rank,c_ae6bf360c8a4,Charli D'Amelio,8,1,8,7,1
31,8,R_plus,dense_rank,c_c71ddf354ea3,Wayne Brady,8,1,8,7,1
31,8,R_plus,dense_rank,c_e7b82e520741,Vinny Guadagnino,8,1,8,7,1
31,8,R_plus,dense_rank,c_f35311773a50,Shangela,8,1,8,7,1
31,8,R_plus,dense_rank,c_ff3d5df7f1dc,Trevor Donovan,8,1,8,7,1
31,9,R_plus,dense_rank,c_1159095f4a06,Daniel Durant,6,2,6,4,0.8
31,9,R_plus,dense_rank,c_90c817bb5500,Gabby Windey,6,1,6,5,1
31,9,R_plus,dense_rank,c_ae6bf360c8a4,Charli D'Amelio,6,1,6,5,1
31,9,R_plus,dense_rank,c_c71ddf354ea3,Wayne Brady,6,1,6,5,1
31,9,R_plus,dense_rank,c_f35311773a50,Shangela,6,1,6,5,1
31,9,R_plus,dense_rank,c_ff3d5df7f1dc,Trevor Donovan,6,1,6,5,1
31,10,R_plus,dense_rank,c_90c817bb5500,Gabby Windey,4,2,3,1,0.333333333333
31,10,R_plus,dense_rank,c_ae6bf360c8a4,Charli D'Amelio,4,1,1,0,0
31,10,R_plus,dense_rank,c_c71ddf354ea3,Wayne Brady,4,2,3,1,0.333333333333
31,10,R_plus,dense_rank,c_f35311773a50,Shangela,4,4,4,0,0
32,1,R_plus,dense_rank,c_0a8f3cc88fa8,Barry Williams,14,1,14,13,1
32,1,R_plus,dense_rank,c_0ffc9580e137,Harry Jowsey,14,1,14,13,1
32,1,R_plus,dense_rank,c_1532158d2c60,Tyson Beckford,14,1,14,13,1
32,1,R_plus,dense_rank,c_274415f91128,Adrian Peterson,14,1,14,13,1
32,1,R_plus,dense_rank,c_39f33002c42d,Ariana Madix,14,1,14,13,1
32,1,R_plus,dense_rank,c_3d3cd78d89be,Jamie Lynn Spears,14,1,14,13,1
32,1,R_plus,dense_rank,c_443de94b524e,Jason Mraz,14,1,14,13,1
32,1,R_plus,dense_rank,c_6c0cfc3d0044,Alyson Hannigan,14,1,14,13,1
32,1,R_plus,dense_rank,c_6f7b072fccfc,Charity Lawson,14,1,14,13,1
32,1,R_plus,dense_rank,c_aa522d7fe14c,Mira Sorvino,14,1,14,13,1
32,1,R_plus,dense_rank,c_b615d6f6278a,Mauricio Umansky,14,1,14,13,1
32,1,R_plus,dense_rank,c_cedad300d876,Xochitl Gomez,14,1,14,13,1
32,1,R_plus,dense_rank,c_e4d906b28d73,Lele Pons,14,1,14,13,1
32,1,R_plus,dense_rank,c_e9b2531b6284,Matt Walsh,14,5,14,9,0.692307692308
32,2,R_plus,dense_rank,c_0a8f3cc88fa8,Barry Williams,13,1,13,12,1
32,2,R_plus,dense_rank,c_0ffc9580e137,Harry Jowsey,13,1,13,12,1
32,2,R_plus,dense_rank,c_1532158d2c60,Tyson Beckford,13,1,13,12,1
32,2,R_plus,dense_rank,c_274415f91128,Adrian Peterson,13,1,13,12,1
32,2,R_plus,dense_rank,c_39f33002c42d,Ariana Madix,13,1,13,12,1
32,2,R_plus,dense_rank,c_3d3cd78d89be,Jamie Lynn Spears,13,7,13,6,0.5
32,2,R_plus,dense_rank,c_443de94b524e,Jason Mraz,13,1,13,12,1
32,2,R_plus,dense_rank,c_6c0cfc3d0044,Alyson Hannigan,13,1,13,12,1
32,2,R_plus,dense_rank,c_6f7b072fccfc,Charity Lawson,13,1,13,12,1
32,2,R_plus,dense_rank,c_aa522d7fe14c,Mira Sorvino,13,1,13,12,1
32,2,R_plus,dense_rank,c_b615d6f6278a,Mauricio Umansky,13,1,13,12,1
32,2,R_plus,dense_rank,c_cedad300d876,Xochitl Gomez,13,1,13,12,1
32,2,R_plus,dense_rank,c_e4d906b28d73,Lele Pons,13,1,13,12,1
32,3,R_plus,dense_rank,c_0a8f3cc88fa8,Barry Williams,12,1,12,11,1
32,3,R_plus,dense_rank,c_0ffc9580e137,Harry Jowsey,12,1,12,11,1
32,3,R_plus,dense_rank,c_1532158d2c60,Tyson Beckford,12,3,12,9,0.818181818182
32,3,R_plus,dense_rank,c_274415f91128,Adrian Peterson,12,1,12,11,1
32,3,R_plus,dense_rank,c_39f33002c42d,Ariana Madix,12,1,12,11,1
32,3,R_plus,dense_rank,c_443de94b524e,Jason Mraz,12,1,12,11,1
32,3,R_plus,dense_rank,c_6c0cfc3d0044,Alyson Hannigan,12,1,12,11,1
32,3,R_plus,dense_rank,c_6f7b072fccfc,Charity Lawson,12,1,12,11,1
32,3,R_plus,dense_rank,c_aa522d7fe14c,Mira Sorvino,12,1,12,11,1
32,3,R_plus,dense_rank,c_b615d6f6278a,Mauricio Umansky,12,1,12,11,1
32,3,R_plus,dense_rank,c_cedad300d876,Xochitl Gomez,12,1,12,11,1
32,3,R_plus,dense_rank,c_e4d906b28d73,Lele Pons,12,1,12,11,1
32,4,R_plus,dense_rank,c_0a8f3cc88fa8,Barry Williams,11,1,11,10,1
32,4,R_plus,dense_rank,c_0ffc9580e137,Harry Jowsey,11,1,11,10,1
32,4,R_plus,dense_rank,c_274415f91128,Adrian Peterson,11,6,11,5,0.5
32,4,R_plus,dense_rank,c_39f33002c42d,Ariana Madix,11,1,11,10,1
32,4,R_plus,dense_rank,c_443de94b524e,Jason Mraz,11,1,11,10,1
32,4,R_plus,dense_rank,c_6c0cfc3d0044,Alyson Hannigan,11,1,11,10,1
32,4,R_plus,dense_rank,c_6f7b072fccfc,Charity Lawson,11,1,11,10,1
32,4,R_plus,dense_rank,c_aa522d7fe14c,Mira Sorvino,11,1,11,10,1
32,4,R_plus,dense_rank,c_b615d6f6278a,Mauricio Umansky,11,1,11,10,1
32,4,R_plus,dense_rank,c_cedad300d876,Xochitl Gomez,11,1,11,10,1
32,4,R_plus,dense_rank,c_e4d906b28d73,Lele Pons,11,1,11,10,1
32,5,R_plus,dense_rank,c_0a8f3cc88fa8,Barry Williams,10,1,10,9,1
32,5,R_plus,dense_rank,c_0ffc9580e137,Harry Jowsey,10,1,10,9,1
32,5,R_plus,dense_rank,c_39f33002c42d,Ariana Madix,10,1,10,9,1
32,5,R_plus,dense_rank,c_443de94b524e,Jason Mraz,10,1,10,9,1
32,5,R_plus,dense_rank,c_6c0cfc3d0044,Alyson Hannigan,10,1,10,9,1
32,5,R_plus,dense_rank,c_6f7b072fccfc,Charity Lawson,10,1,10,9,1
32,5,R_plus,dense_rank,c_aa522d7fe14c,Mira Sorvino,10,6,10,4,0.444444444444
32,5,R_plus,dense_rank,c_b615d6f6278a,Mauricio Umansky,10,1,10,9,1
32,5,R_plus,dense_rank,c_cedad300d876,Xochitl Gomez,10,1,10,9,1
32,5,R_plus,dense_rank,c_e4d906b28d73,Lele Pons,10,1,10,9,1
32,6,R_plus,dense_rank,c_0a8f3cc88fa8,Barry Williams,9,1,9,8,1
32,6,R_plus,dense_rank,c_0ffc9580e137,Harry Jowsey,9,1,9,8,1
32,6,R_plus,dense_rank,c_39f33002c42d,Ariana Madix,9,1,9,8,1
32,6,R_plus,dense_rank,c_443de94b524e,Jason Mraz,9,1,9,8,1
32,6,R_plus,dense_rank,c_6c0cfc3d0044,Alyson Hannigan,9,1,9,8,1
32,6,R_plus,dense_rank,c_6f7b072fccfc,Charity Lawson,9,1,9,8,1
32,6,R_plus,dense_rank,c_b615d6f6278a,Mauricio Umansky,9,3,9,6,0.75
32,6,R_plus,dense_rank,c_cedad300d876,Xochitl Gomez,9,1,9,8,1
32,6,R_plus,dense_rank,c_e4d906b28d73,Lele Pons,9,1,9,8,1
32,7,R_plus,dense_rank,c_0a8f3cc88fa8,Barry Williams,8,1,8,7,1
32,7,R_plus,dense_rank,c_0ffc9580e137,Harry Jowsey,8,1,8,7,1
32,7,R_plus,dense_rank,c_39f33002c42d,Ariana Madix,8,1,8,7,1
32,7,R_plus,dense_rank,c_443de94b524e,Jason Mraz,8,1,8,7,1
32,7,R_plus,dense_rank,c_6c0cfc3d0044,Alyson Hannigan,8,1,8,7,1
32,7,R_plus,dense_rank,c_6f7b072fccfc,Charity Lawson,8,1,8,7,1
32,7,R_plus,dense_rank,c_cedad300d876,Xochitl Gomez,8,1,8,7,1
32,7,R_plus,dense_rank,c_e4d906b28d73,Lele Pons,8,6,8,2,0.285714285714
32,8,R_plus,dense_rank,c_0a8f3cc88fa8,Barry Williams,7,2,7,5,0.833333333333
32,8,R_plus,dense_rank,c_0ffc9580e137,Harry Jowsey,7,1,7,6,1
32,8,R_plus,dense_rank,c_39f33002c42d,Ariana Madix,7,1,7,6,1
32,8,R_plus,dense_rank,c_443de94b524e,Jason Mraz,7,1,7,6,1
32,8,R_plus,dense_rank,c_6c0cfc3d0044,Alyson Hannigan,7,1,7,6,1
32,8,R_plus,dense_rank,c_6f7b072fccfc,Charity Lawson,7,1,7,6,1
32,8,R_plus,dense_rank,c_cedad300d876,Xochitl Gomez,7,1,7,6,1
32,9,R_plus,dense_rank,c_0ffc9580e137,Harry Jowsey,6,1,6,5,1
32,9,R_plus,dense_rank,c_39f33002c42d,Ariana Madix,6,1,6,5,1
32,9,R_plus,dense_rank,c_443de94b524e,Jason Mraz,6,1,6,5,1
32,9,R_plus,dense_rank,c_6c0cfc3d0044,Alyson Hannigan,6,1,6,5,1
32,9,R_plus,dense_rank,c_6f7b072fccfc,Charity Lawson,6,1,6,5,1
32,9,R_plus,dense_rank,c_cedad300d876,Xochitl Gomez,6,1,6,5,1
32,10,R_plus,dense_rank,c_39f33002c42d,Ariana Madix,5,1,5,4,1
32,10,R_plus,dense_rank,c_443de94b524e,Jason Mraz,5,1,5,4,1
32,10,R_plus,dense_rank,c_6c0cfc3d0044,Alyson Hannigan,5,1,5,4,1
32,10,R_plus,dense_rank,c_6f7b072fccfc,Charity Lawson,5,1,5,4,1
32,10,R_plus,dense_rank,c_cedad300d876,Xochitl Gomez,5,1,5,4,1
32,11,R_plus,dense_rank,c_39f33002c42d,Ariana Madix,5,2,3,1,0.25
32,11,R_plus,dense_rank,c_443de94b524e,Jason Mraz,5,2,3,1,0.25
32,11,R_plus,dense_rank,c_6c0cfc3d0044,Alyson Hannigan,5,4,5,1,0.25
32,11,R_plus,dense_rank,c_6f7b072fccfc,Charity Lawson,5,4,5,1,0.25
32,11,R_plus,dense_rank,c_cedad300d876,Xochitl Gomez,5,1,1,0,0
33,1,R_plus,dense_rank,c_03f1c95186f0,Ilona Maher,13,1,13,12,1
33,1,R_plus,dense_rank,c_070ccb9d48f3,Stephen Nedoroscik,13,1,13,12,1
33,1,R_plus,dense_rank,c_38506bf4386f,Dwight Howard ,13,1,13,12,1
33,1,R_plus,dense_rank,c_4416c492447c,Jenn Tran,13,1,13,12,1
33,1,R_plus,dense_rank,c_50d8f7334ef2,Anna Delvey,13,1,13,12,1
33,1,R_plus,dense_rank,c_548bd4dd6577,Danny Amendola,13,1,13,12,1
33,1,R_plus,dense_rank,c_6c369becca5b,Eric Roberts,13,1,13,12,1
33,1,R_plus,dense_rank,c_81ba1a15bc54,Brooks Nader,13,1,13,12,1
33,1,R_plus,dense_rank,c_826d53336104,Chandler Kinney,13,1,13,12,1
33,1,R_plus,dense_rank,c_905d57e778cf,Joey Graziadei,13,1,13,12,1
33,1,R_plus,dense_rank,c_a6a0da2a459b,Tori Spelling,13,1,13,12,1
33,1,R_plus,dense_rank,c_c4be83201a36,Phaedra Parks,13,1,13,12,1
33,1,R_plus,dense_rank,c_df16a54cb13c,Reginald VelJohnson,13,1,13,12,1
33,2,R_plus,dense_rank,c_03f1c95186f0,Ilona Maher,13,1,13,12,1
33,2,R_plus,dense_rank,c_070ccb9d48f3,Stephen Nedoroscik,13,1,13,12,1
33,2,R_plus,dense_rank,c_38506bf4386f,Dwight Howard ,13,1,13,12,1
33,2,R_plus,dense_rank,c_4416c492447c,Jenn Tran,13,1,13,12,1
33,2,R_plus,dense_rank,c_50d8f7334ef2,Anna Delvey,13,6,13,7,0.583333333333
33,2,R_plus,dense_rank,c_548bd4dd6577,Danny Amendola,13,1,13,12,1
33,2,R_plus,dense_rank,c_6c369becca5b,Eric Roberts,13,1,13,12,1
33,2,R_plus,dense_rank,c_81ba1a15bc54,Brooks Nader,13,1,13,12,1
33,2,R_plus,dense_rank,c_826d53336104,Chandler Kinney,13,1,13,12,1
33,2,R_plus,dense_rank,c_905d57e778cf,Joey Graziadei,13,1,13,12,1
33,2,R_plus,dense_rank,c_a6a0da2a459b,Tori Spelling,13,7,13,6,0.5
33,2,R_plus,dense_rank,c_c4be83201a36,Phaedra Parks,13,1,13,12,1
33,2,R_plus,dense_rank,c_df16a54cb13c,Reginald VelJohnson,13,1,13,12,1
33,3,R_plus,dense_rank,c_03f1c95186f0,Ilona Maher,11,1,11,10,1
33,3,R_plus,dense_rank,c_070ccb9d48f3,Stephen Nedoroscik,11,1,11,10,1
33,3,R_plus,dense_rank,c_38506bf4386f,Dwight Howard ,11,1,11,10,1
33,3,R_plus,dense_rank,c_4416c492447c,Jenn Tran,11,1,11,10,1
33,3,R_plus,dense_rank,c_548bd4dd6577,Danny Amendola,11,1,11,10,1
33,3,R_plus,dense_rank,c_6c369becca5b,Eric Roberts,11,2,11,9,0.9
33,3,R_plus,dense_rank,c_81ba1a15bc54,Brooks Nader,11,1,11,10,1
33,3,R_plus,dense_rank,c_826d53336104,Chandler Kinney,11,1,11,10,1
33,3,R_plus,dense_rank,c_905d57e778cf,Joey Graziadei,11,1,11,10,1
33,3,R_plus,dense_rank,c_c4be83201a36,Phaedra Parks,11,1,11,10,1
33,3,R_plus,dense_rank,c_df16a54cb13c,Reginald VelJohnson,11,1,11,10,1
33,4,R_plus,dense_rank,c_03f1c95186f0,Ilona Maher,9,1,9,8,1
33,4,R_plus,dense_rank,c_070ccb9d48f3,Stephen Nedoroscik,9,1,9,8,1
33,4,R_plus,dense_rank,c_38506bf4386f,Dwight Howard ,9,1,9,8,1
33,4,R_plus,dense_rank,c_4416c492447c,Jenn Tran,9,1,9,8,1
33,4,R_plus,dense_rank,c_548bd4dd6577,Danny Amendola,9,1,9,8,1
33,4,R_plus,dense_rank,c_81ba1a15bc54,Brooks Nader,9,6,9,3,0.375
33,4,R_plus,dense_rank,c_826d53336104,Chandler Kinney,9,1,9,8,1
33,4,R_plus,dense_rank,c_905d57e778cf,Joey Graziadei,9,1,9,8,1
33,4,R_plus,dense_rank,c_c4be83201a36,Phaedra Parks,9,1,9,8,1
33,5,R_plus,dense_rank,c_03f1c95186f0,Ilona Maher,8,1,8,7,1
33,5,R_plus,dense_rank,c_070ccb9d48f3,Stephen Nedoroscik,8,1,8,7,1
33,5,R_plus,dense_rank,c_38506bf4386f,Dwight Howard ,8,1,8,7,1
33,5,R_plus,dense_rank,c_4416c492447c,Jenn Tran,8,1,8,7,1
33,5,R_plus,dense_rank,c_548bd4dd6577,Danny Amendola,8,1,8,7,1
33,5,R_plus,dense_rank,c_826d53336104,Chandler Kinney,8,1,8,7,1
33,5,R_plus,dense_rank,c_905d57e778cf,Joey Graziadei,8,1,8,7,1
33,5,R_plus,dense_rank,c_c4be83201a36,Phaedra Parks,8,4,8,4,0.571428571429
33,6,R_plus,dense_rank,c_03f1c95186f0,Ilona Maher,7,1,7,6,1
33,6,R_plus,dense_rank,c_070ccb9d48f3,Stephen Nedoroscik,7,1,7,6,1
33,6,R_plus,dense_rank,c_38506bf4386f,Dwight Howard ,7,1,7,6,1
33,6,R_plus,dense_rank,c_4416c492447c,Jenn Tran,7,5,7,2,0.333333333333
33,6,R_plus,dense_rank,c_548bd4dd6577,Danny Amendola,7,1,7,6,1
33,6,R_plus,dense_rank,c_826d53336104,Chandler Kinney,7,1,7,6,1
33,6,R_plus,dense_rank,c_905d57e778cf,Joey Graziadei,7,1,7,6,1
33,7,R_plus,dense_rank,c_03f1c95186f0,Ilona Maher,6,1,6,5,1
33,7,R_plus,dense_rank,c_070ccb9d48f3,Stephen Nedoroscik,6,1,6,5,1
33,7,R_plus,dense_rank,c_38506bf4386f,Dwight Howard ,6,1,6,5,1
33,7,R_plus,dense_rank,c_548bd4dd6577,Danny Amendola,6,1,6,5,1
33,7,R_plus,dense_rank,c_826d53336104,Chandler Kinney,6,1,6,5,1
33,7,R_plus,dense_rank,c_905d57e778cf,Joey Graziadei,6,1,6,5,1
33,8,R_plus,dense_rank,c_03f1c95186f0,Ilona Maher,5,1,5,4,1
33,8,R_plus,dense_rank,c_070ccb9d48f3,Stephen Nedoroscik,5,1,5,4,1
33,8,R_plus,dense_rank,c_548bd4dd6577,Danny Amendola,5,1,5,4,1
33,8,R_plus,dense_rank,c_826d53336104,Chandler Kinney,5,1,5,4,1
33,8,R_plus,dense_rank,c_905d57e778cf,Joey Graziadei,5,1,5,4,1
33,9,R_plus,dense_rank,c_03f1c95186f0,Ilona Maher,5,1,3,2,0.5
33,9,R_plus,dense_rank,c_070ccb9d48f3,Stephen Nedoroscik,5,3,5,2,0.5
33,9,R_plus,dense_rank,c_548bd4dd6577,Danny Amendola,5,2,5,3,0.75
33,9,R_plus,dense_rank,c_826d53336104,Chandler Kinney,5,3,5,2,0.5
33,9,R_plus,dense_rank,c_905d57e778cf,Joey Graziadei,5,1,2,1,0.25
34,1,R_plus,dense_rank,c_006ccbcbd9a7,Robert Irwin,14,1,14,13,1
34,1,R_plus,dense_rank,c_014c25f27383,Jordan Chiles,14,1,14,13,1
34,1,R_plus,dense_rank,c_040942d5a49f,Alix Earle,14,1,14,13,1
34,1,R_plus,dense_rank,c_396787e341a0,Lauren Jauregui,14,1,14,13,1
34,1,R_plus,dense_rank,c_54b5a8c2dda4,Elaine Hendrix,14,1,14,13,1
34,1,R_plus,dense_rank,c_5758002db999,Corey Feldman,14,1,14,13,1
34,1,R_plus,dense_rank,c_6100473f60b8,Hilaria Baldwin,14,1,14,13,1
34,1,R_plus,dense_rank,c_68b9b2405657,Dylan Efron,14,1,14,13,1
34,1,R_plus,dense_rank,c_6c95904f8723,Baron Davis,14,1,14,13,1
34,1,R_plus,dense_rank,c_84e2c0dbe1b3,Andy Richter,14,1,14,13,1
34,1,R_plus,dense_rank,c_8a97cf9ea7ff,Danielle Fishel,14,1,14,13,1
34,1,R_plus,dense_rank,c_97d9dc87a3ff,Whitney Leavitt,14,1,14,13,1
34,1,R_plus,dense_rank,c_b67c79ae64a7,Jen Affleck,14,1,14,13,1
34,1,R_plus,dense_rank,c_c08381fdf058,Scott Hoying,14,1,14,13,1
34,2,R_plus,dense_rank,c_006ccbcbd9a7,Robert Irwin,14,1,14,13,1
34,2,R_plus,dense_rank,c_014c25f27383,Jordan Chiles,14,1,14,13,1
34,2,R_plus,dense_rank,c_040942d5a49f,Alix Earle,14,1,14,13,1
34,2,R_plus,dense_rank,c_396787e341a0,Lauren Jauregui,14,1,14,13,1
34,2,R_plus,dense_rank,c_54b5a8c2dda4,Elaine Hendrix,14,1,14,13,1
34,2,R_plus,dense_rank,c_5758002db999,Corey Feldman,14,6,14,8,0.615384615385
34,2,R_plus,dense_rank,c_6100473f60b8,Hilaria Baldwin,14,1,14,13,1
34,2,R_plus,dense_rank,c_68b9b2405657,Dylan Efron,14,1,14,13,1
34,2,R_plus,dense_rank,c_6c95904f8723,Baron Davis,14,8,14,6,0.461538461538
34,2,R_plus,dense_rank,c_84e2c0dbe1b3,Andy Richter,14,1,14,13,1
34,2,R_plus,dense_rank,c_8a97cf9ea7ff,Danielle Fishel,14,1,14,13,1
34,2,R_plus,dense_rank,c_97d9dc87a3ff,Whitney Leavitt,14,1,14,13,1
34,2,R_plus,dense_rank,c_b67c79ae64a7,Jen Affleck,14,1,14,13,1
34,2,R_plus,dense_rank,c_c08381fdf058,Scott Hoying,14,1,14,13,1
34,3,R_plus,dense_rank,c_006ccbcbd9a7,Robert Irwin,12,1,12,11,1
34,3,R_plus,dense_rank,c_014c25f27383,Jordan Chiles,12,1,12,11,1
34,3,R_plus,dense_rank,c_040942d5a49f,Alix Earle,12,1,12,11,1
34,3,R_plus,dense_rank,c_396787e341a0,Lauren Jauregui,12,6,12,6,0.545454545455
34,3,R_plus,dense_rank,c_54b5a8c2dda4,Elaine Hendrix,12,1,12,11,1
34,3,R_plus,dense_rank,c_6100473f60b8,Hilaria Baldwin,12,1,12,11,1
34,3,R_plus,dense_rank,c_68b9b2405657,Dylan Efron,12,1,12,11,1
34,3,R_plus,dense_rank,c_84e2c0dbe1b3,Andy Richter,12,1,12,11,1
34,3,R_plus,dense_rank,c_8a97cf9ea7ff,Danielle Fishel,12,1,12,11,1
34,3,R_plus,dense_rank,c_97d9dc87a3ff,Whitney Leavitt,12,1,12,11,1
34,3,R_plus,dense_rank,c_b67c79ae64a7,Jen Affleck,12,1,12,11,1
34,3,R_plus,dense_rank,c_c08381fdf058,Scott Hoying,12,1,12,11,1
34,4,R_plus,dense_rank,c_006ccbcbd9a7,Robert Irwin,11,1,11,10,1
34,4,R_plus,dense_rank,c_014c25f27383,Jordan Chiles,11,1,11,10,1
34,4,R_plus,dense_rank,c_040942d5a49f,Alix Earle,11,1,11,10,1
34,4,R_plus,dense_rank,c_54b5a8c2dda4,Elaine Hendrix,11,1,11,10,1
34,4,R_plus,dense_rank,c_6100473f60b8,Hilaria Baldwin,11,8,11,3,0.3
34,4,R_plus,dense_rank,c_68b9b2405657,Dylan Efron,11,1,11,10,1
34,4,R_plus,dense_rank,c_84e2c0dbe1b3,Andy Richter,11,1,11,10,1
34,4,R_plus,dense_rank,c_8a97cf9ea7ff,Danielle Fishel,11,1,11,10,1
34,4,R_plus,dense_rank,c_97d9dc87a3ff,Whitney Leavitt,11,1,11,10,1
34,4,R_plus,dense_rank,c_b67c79ae64a7,Jen Affleck,11,1,11,10,1
34,4,R_plus,dense_rank,c_c08381fdf058,Scott Hoying,11,1,11,10,1
34,5,R_plus,dense_rank,c_006ccbcbd9a7,Robert Irwin,10,1,10,9,1
34,5,R_plus,dense_rank,c_014c25f27383,Jordan Chiles,10,1,10,9,1
34,5,R_plus,dense_rank,c_040942d5a49f,Alix Earle,10,1,10,9,1
34,5,R_plus,dense_rank,c_54b5a8c2dda4,Elaine Hendrix,10,1,10,9,1
34,5,R_plus,dense_rank,c_68b9b2405657,Dylan Efron,10,1,10,9,1
34,5,R_plus,dense_rank,c_84e2c0dbe1b3,Andy Richter,10,1,10,9,1
34,5,R_plus,dense_rank,c_8a97cf9ea7ff,Danielle Fishel,10,1,10,9,1
34,5,R_plus,dense_rank,c_97d9dc87a3ff,Whitney Leavitt,10,1,10,9,1
34,5,R_plus,dense_rank,c_b67c79ae64a7,Jen Affleck,10,1,10,9,1
34,5,R_plus,dense_rank,c_c08381fdf058,Scott Hoying,10,1,10,9,1
34,6,R_plus,dense_rank,c_006ccbcbd9a7,Robert Irwin,10,1,10,9,1
34,6,R_plus,dense_rank,c_014c25f27383,Jordan Chiles,10,1,10,9,1
34,6,R_plus,dense_rank,c_040942d5a49f,Alix Earle,10,1,10,9,1
34,6,R_plus,dense_rank,c_54b5a8c2dda4,Elaine Hendrix,10,1,10,9,1
34,6,R_plus,dense_rank,c_68b9b2405657,Dylan Efron,10,1,10,9,1
34,6,R_plus,dense_rank,c_84e2c0dbe1b3,Andy Richter,10,1,10,9,1
34,6,R_plus,dense_rank,c_8a97cf9ea7ff,Danielle Fishel,10,1,10,9,1
34,6,R_plus,dense_rank,c_97d9dc87a3ff,Whitney Leavitt,10,1,10,9,1
34,6,R_plus,dense_rank,c_b67c79ae64a7,Jen Affleck,10,1,10,9,1
34,6,R_plus,dense_rank,c_c08381fdf058,Scott Hoying,10,5,10,5,0.555555555556
34,7,R_plus,dense_rank,c_006ccbcbd9a7,Robert Irwin,9,1,9,8,1
34,7,R_plus,dense_rank,c_014c25f27383,Jordan Chiles,9,1,9,8,1
34,7,R_plus,dense_rank,c_040942d5a49f,Alix Earle,9,1,9,8,1
34,7,R_plus,dense_rank,c_54b5a8c2dda4,Elaine Hendrix,9,1,9,8,1
34,7,R_plus,dense_rank,c_68b9b2405657,Dylan Efron,9,1,9,8,1
34,7,R_plus,dense_rank,c_84e2c0dbe1b3,Andy Richter,9,1,9,8,1
34,7,R_plus,dense_rank,c_8a97cf9ea7ff,Danielle Fishel,9,1,9,8,1
34,7,R_plus,dense_rank,c_97d9dc87a3ff,Whitney Leavitt,9,1,9,8,1
34,7,R_plus,dense_rank,c_b67c79ae64a7,Jen Affleck,9,3,9,6,0.75
34,8,R_plus,dense_rank,c_006ccbcbd9a7,Robert Irwin,8,1,8,7,1
34,8,R_plus,dense_rank,c_014c25f27383,Jordan Chiles,8,1,8,7,1
34,8,R_plus,dense_rank,c_040942d5a49f,Alix Earle,8,1,8,7,1
34,8,R_plus,dense_rank,c_54b5a8c2dda4,Elaine Hendrix,8,1,8,7,1
34,8,R_plus,dense_rank,c_68b9b2405657,Dylan Efron,8,1,8,7,1
34,8,R_plus,dense_rank,c_84e2c0dbe1b3,Andy Richter,8,1,8,7,1
34,8,R_plus,dense_rank,c_8a97cf9ea7ff,Danielle Fishel,8,2,8,6,0.857142857143
34,8,R_plus,dense_rank,c_97d9dc87a3ff,Whitney Leavitt,8,1,8,7,1
34,9,R_plus,dense_rank,c_006ccbcbd9a7,Robert Irwin,7,1,7,6,1
34,9,R_plus,dense_rank,c_014c25f27383,Jordan Chiles,7,1,7,6,1
34,9,R_plus,dense_rank,c_040942d5a49f,Alix Earle,7,1,7,6,1
34,9,R_plus,dense_rank,c_54b5a8c2dda4,Elaine Hendrix,7,1,7,6,1
34,9,R_plus,dense_rank,c_68b9b2405657,Dylan Efron,7,1,7,6,1
34,9,R_plus,dense_rank,c_84e2c0dbe1b3,Andy Richter,7,2,7,5,0.833333333333
34,9,R_plus,dense_rank,c_97d9dc87a3ff,Whitney Leavitt,7,1,7,6,1
34,10,R_plus,dense_rank,c_006ccbcbd9a7,Robert Irwin,6,1,6,5,1
34,10,R_plus,dense_rank,c_014c25f27383,Jordan Chiles,6,1,6,5,1
34,10,R_plus,dense_rank,c_040942d5a49f,Alix Earle,6,1,6,5,1
34,10,R_plus,dense_rank,c_54b5a8c2dda4,Elaine Hendrix,6,1,6,5,1
34,10,R_plus,dense_rank,c_68b9b2405657,Dylan Efron,6,1,6,5,1
34,10,R_plus,dense_rank,c_97d9dc87a3ff,Whitney Leavitt,6,4,6,2,0.4
34,11,R_plus,dense_rank,c_006ccbcbd9a7,Robert Irwin,5,1,1,0,0
34,11,R_plus,dense_rank,c_014c25f27383,Jordan Chiles,5,2,5,3,0.75
34,11,R_plus,dense_rank,c_040942d5a49f,Alix Earle,5,2,5,3,0.75
34,11,R_plus,dense_rank,c_54b5a8c2dda4,Elaine Hendrix,5,2,5,3,0.75
34,11,R_plus,dense_rank,c_68b9b2405657,Dylan Efron,5,2,5,3,0.75
1,1,R,competition_rank,c_0682911ef89b,Rachel Hunter,6,1,6,5,1
1,1,R,competition_rank,c_49123aa8f5b9,John O'Hurley,6,1,6,5,1
1,1,R,competition_rank,c_6137c0511f62,Trista Sutter,6,1,6,5,1
1,1,R,competition_rank,c_71c2de6f33c9,Kelly Monaco,6,1,6,5,1
1,1,R,competition_rank,c_b3130ebf99b2,Evander Holyfield,6,1,6,5,1
1,1,R,competition_rank,c_f6318fd0c251,Joey McIntyre,6,1,6,5,1
1,2,R,competition_rank,c_0682911ef89b,Rachel Hunter,6,1,6,5,1
1,2,R,competition_rank,c_49123aa8f5b9,John O'Hurley,6,1,6,5,1
1,2,R,competition_rank,c_6137c0511f62,Trista Sutter,6,3,6,3,0.6
1,2,R,competition_rank,c_71c2de6f33c9,Kelly Monaco,6,1,5,4,0.8
1,2,R,competition_rank,c_b3130ebf99b2,Evander Holyfield,6,1,4,3,0.6
1,2,R,competition_rank,c_f6318fd0c251,Joey McIntyre,6,1,6,5,1
1,3,R,competition_rank,c_0682911ef89b,Rachel Hunter,5,1,5,4,1
1,3,R,competition_rank,c_49123aa8f5b9,John O'Hurley,5,1,5,4,1
1,3,R,competition_rank,c_71c2de6f33c9,Kelly Monaco,5,1,5,4,1
1,3,R,competition_rank,c_b3130ebf99b2,Evander Holyfield,5,1,5,4,1
1,3,R,competition_rank,c_f6318fd0c251,Joey McIntyre,5,1,5,4,1
1,4,R,competition_rank,c_0682911ef89b,Rachel Hunter,4,3,4,1,0.333333333333
1,4,R,competition_rank,c_49123aa8f5b9,John O'Hurley,4,1,3,2,0.666666666667
1,4,R,competition_rank,c_71c2de6f33c9,Kelly Monaco,4,1,4,3,1
1,4,R,competition_rank,c_f6318fd0c251,Joey McIntyre,4,1,2,1,0.333333333333
1,5,R,competition_rank,c_49123aa8f5b9,John O'Hurley,3,1,3,2,1
1,5,R,competition_rank,c_71c2de6f33c9,Kelly Monaco,3,1,3,2,1
1,5,R,competition_rank,c_f6318fd0c251,Joey McIntyre,3,1,3,2,1
1,6,R,competition_rank,c_49123aa8f5b9,John O'Hurley,2,1,2,1,1
1,6,R,competition_rank,c_71c2de6f33c9,Kelly Monaco,2,1,2,1,1
2,1,R,competition_rank,c_13a7bbd24206,Giselle Fernandez,10,1,10,9,1
2,1,R,competition_rank,c_177970c9c122,Kenny Mayne,10,2,10,8,0.888888888889
2,1,R,competition_rank,c_3f08c95bde83,Drew Lachey,10,1,10,9,1
2,1,R,competition_rank,c_4cf510a71847,Jerry Rice,10,1,10,9,1
2,1,R,competition_rank,c_53e4c2aa2341,Lisa Rinna,10,1,10,9,1
2,1,R,competition_rank,c_7054ec253426,Master P,10,1,9,8,0.888888888889
2,1,R,competition_rank,c_7758f7fcffaf,Stacy Keibler,10,1,10,9,1
2,1,R,competition_rank,c_ca6e18e948c8,Tatum O'Neal,10,1,10,9,1
2,1,R,competition_rank,c_ce811e8a803f,Tia Carrere,10,1,10,9,1
2,1,R,competition_rank,c_ee75a32adcd8,George Hamilton,10,1,10,9,1
2,2,R,competition_rank,c_13a7bbd24206,Giselle Fernandez,9,1,9,8,1
2,2,R,competition_rank,c_3f08c95bde83,Drew Lachey,9,1,9,8,1
2,2,R,competition_rank,c_4cf510a71847,Jerry Rice,9,1,9,8,1
2,2,R,competition_rank,c_53e4c2aa2341,Lisa Rinna,9,1,9,8,1
2,2,R,competition_rank,c_7054ec253426,Master P,9,1,8,7,0.875
2,2,R,competition_rank,c_7758f7fcffaf,Stacy Keibler,9,1,9,8,1
2,2,R,competition_rank,c_ca6e18e948c8,Tatum O'Neal,9,2,9,7,0.875
2,2,R,competition_rank,c_ce811e8a803f,Tia Carrere,9,1,9,8,1
2,2,R,competition_rank,c_ee75a32adcd8,George Hamilton,9,1,9,8,1
2,3,R,competition_rank,c_13a7bbd24206,Giselle Fernandez,8,4,8,4,0.571428571429
2,3,R,competition_rank,c_3f08c95bde83,Drew Lachey,8,1,8,7,1
2,3,R,competition_rank,c_4cf510a71847,Jerry Rice,8,1,6,5,0.714285714286
2,3,R,competition_rank,c_53e4c2aa2341,Lisa Rinna,8,1,8,7,1
2,3,R,competition_rank,c_7054ec253426,Master P,8,1,5,4,0.571428571429
2,3,R,competition_rank,c_7758f7fcffaf,Stacy Keibler,8,1,8,7,1
2,3,R,competition_rank,c_ce811e8a803f,Tia Carrere,8,1,8,7,1
2,3,R,competition_rank,c_ee75a32adcd8,George Hamilton,8,1,7,6,0.857142857143
2,4,R,competition_rank,c_3f08c95bde83,Drew Lachey,7,1,7,6,1
2,4,R,competition_rank,c_4cf510a71847,Jerry Rice,7,1,7,6,1
2,4,R,competition_rank,c_53e4c2aa2341,Lisa Rinna,7,1,7,6,1
2,4,R,competition_rank,c_7054ec253426,Master P,7,1,7,6,1
2,4,R,competition_rank,c_7758f7fcffaf,Stacy Keibler,7,1,7,6,1
2,4,R,competition_rank,c_ce811e8a803f,Tia Carrere,7,1,7,6,1
2,4,R,competition_rank,c_ee75a32adcd8,George Hamilton,7,1,7,6,1
2,5,R,competition_rank,c_3f08c95bde83,Drew Lachey,6,1,6,5,1
2,5,R,competition_rank,c_4cf510a71847,Jerry Rice,6,1,6,5,1
2,5,R,competition_rank,c_53e4c2aa2341,Lisa Rinna,6,1,6,5,1
2,5,R,competition_rank,c_7758f7fcffaf,Stacy Keibler,6,1,6,5,1
2,5,R,competition_rank,c_ce811e8a803f,Tia Carrere,6,1,6,5,1
2,5,R,competition_rank,c_ee75a32adcd8,George Hamilton,6,1,6,5,1
2,6,R,competition_rank,c_3f08c95bde83,Drew Lachey,5,1,5,4,1
2,6,R,competition_rank,c_4cf510a71847,Jerry Rice,5,1,4,3,0.75
2,6,R,competition_rank,c_53e4c2aa2341,Lisa Rinna,5,1,5,4,1
2,6,R,competition_rank,c_7758f7fcffaf,Stacy Keibler,5,1,5,4,1
2,6,R,competition_rank,c_ee75a32adcd8,George Hamilton,5,2,5,3,0.75
2,7,R,competition_rank,c_3f08c95bde83,Drew Lachey,4,1,4,3,1
2,7,R,competition_rank,c_4cf510a71847,Jerry Rice,4,1,3,2,0.666666666667
2,7,R,competition_rank,c_53e4c2aa2341,Lisa Rinna,4,2,4,2,0.666666666667
2,7,R,competition_rank,c_7758f7fcffaf,Stacy Keibler,4,1,4,3,1
2,8,R,competition_rank,c_3f08c95bde83,Drew Lachey,3,1,3,2,1
2,8,R,competition_rank,c_4cf510a71847,Jerry Rice,3,1,2,1,0.5
2,8,R,competition_rank,c_7758f7fcffaf,Stacy Keibler,3,2,3,1,0.5
28,1,R_plus,competition_rank,c_200c4ff12963,James Van Der Beek,12,1,12,11,1
28,1,R_plus,competition_rank,c_60ec454a8400,Lauren Alaina,12,1,12,11,1
28,1,R_plus,competition_rank,c_6e362448efdd,Karamo Brown,12,1,12,11,1
28,1,R_plus,competition_rank,c_7d1f20af7e47,Sailor Brinkley-Cook,12,1,12,11,1
28,1,R_plus,competition_rank,c_97f8d8bcc4a3,Sean Spicer,12,1,12,11,1
28,1,R_plus,competition_rank,c_ad0ab76e15e2,Ally Brooke,12,1,12,11,1
28,1,R_plus,competition_rank,c_cd8555c4c4a3,Mary Wilson,12,1,12,11,1
28,1,R_plus,competition_rank,c_d408ea6aae97,Ray Lewis,12,1,12,11,1
28,1,R_plus,competition_rank,c_d78aaf5fec0f,Hannah Brown,12,1,12,11,1
28,1,R_plus,competition_rank,c_dbf097fbad67,Kel Mitchell,12,1,12,11,1
28,1,R_plus,competition_rank,c_ec2dfdbef29a,Kate Flannery,12,1,12,11,1
28,1,R_plus,competition_rank,c_f447678289a9,Lamar Odom,12,1,12,11,1
28,2,R_plus,competition_rank,c_200c4ff12963,James Van Der Beek,12,1,12,11,1
28,2,R_plus,competition_rank,c_60ec454a8400,Lauren Alaina,12,1,12,11,1
28,2,R_plus,competition_rank,c_6e362448efdd,Karamo Brown,12,1,12,11,1
28,2,R_plus,competition_rank,c_7d1f20af7e47,Sailor Brinkley-Cook,12,1,12,11,1
28,2,R_plus,competition_rank,c_97f8d8bcc4a3,Sean Spicer,12,1,12,11,1
28,2,R_plus,competition_rank,c_ad0ab76e15e2,Ally Brooke,12,1,12,11,1
28,2,R_plus,competition_rank,c_cd8555c4c4a3,Mary Wilson,12,1,12,11,1
28,2,R_plus,competition_rank,c_d408ea6aae97,Ray Lewis,12,1,12,11,1
28,2,R_plus,competition_rank,c_d78aaf5fec0f,Hannah Brown,12,1,12,11,1
28,2,R_plus,competition_rank,c_dbf097fbad67,Kel Mitchell,12,1,12,11,1
28,2,R_plus,competition_rank,c_ec2dfdbef29a,Kate Flannery,12,1,12,11,1
28,2,R_plus,competition_rank,c_f447678289a9,Lamar Odom,12,1,12,11,1
28,3,R_plus,competition_rank,c_200c4ff12963,James Van Der Beek,10,1,10,9,1
28,3,R_plus,competition_rank,c_60ec454a8400,Lauren Alaina,10,1,10,9,1
28,3,R_plus,competition_rank,c_6e362448efdd,Karamo Brown,10,1,10,9,1
28,3,R_plus,competition_rank,c_7d1f20af7e47,Sailor Brinkley-Cook,10,1,10,9,1
28,3,R_plus,competition_rank,c_97f8d8bcc4a3,Sean Spicer,10,1,10,9,1
28,3,R_plus,competition_rank,c_ad0ab76e15e2,Ally Brooke,10,1,10,9,1
28,3,R_plus,competition_rank,c_d78aaf5fec0f,Hannah Brown,10,1,10,9,1
28,3,R_plus,competition_rank,c_dbf097fbad67,Kel Mitchell,10,1,10,9,1
28,3,R_plus,competition_rank,c_ec2dfdbef29a,Kate Flannery,10,1,10,9,1
28,3,R_plus,competition_rank,c_f447678289a9,Lamar Odom,10,1,10,9,1
28,4,R_plus,competition_rank,c_200c4ff12963,James Van Der Beek,10,1,10,9,1
28,4,R_plus,competition_rank,c_60ec454a8400,Lauren Alaina,10,1,10,9,1
28,4,R_plus,competition_rank,c_6e362448efdd,Karamo Brown,10,1,10,9,1
28,4,R_plus,competition_rank,c_7d1f20af7e47,Sailor Brinkley-Cook,10,1,10,9,1
28,4,R_plus,competition_rank,c_97f8d8bcc4a3,Sean Spicer,10,1,10,9,1
28,4,R_plus,competition_rank,c_ad0ab76e15e2,Ally Brooke,10,1,10,9,1
28,4,R_plus,competition_rank,c_d78aaf5fec0f,Hannah Brown,10,1,10,9,1
28,4,R_plus,competition_rank,c_dbf097fbad67,Kel Mitchell,10,1,10,9,1
28,4,R_plus,competition_rank,c_ec2dfdbef29a,Kate Flannery,10,1,10,9,1
28,4,R_plus,competition_rank,c_f447678289a9,Lamar Odom,10,1,10,9,1
28,5,R_plus,competition_rank,c_200c4ff12963,James Van Der Beek,9,1,9,8,1
28,5,R_plus,competition_rank,c_60ec454a8400,Lauren Alaina,9,1,9,8,1
28,5,R_plus,competition_rank,c_6e362448efdd,Karamo Brown,9,1,9,8,1
28,5,R_plus,competition_rank,c_7d1f20af7e47,Sailor Brinkley-Cook,9,1,9,8,1
28,5,R_plus,competition_rank,c_97f8d8bcc4a3,Sean Spicer,9,1,9,8,1
28,5,R_plus,competition_rank,c_ad0ab76e15e2,Ally Brooke,9,1,9,8,1
28,5,R_plus,competition_rank,c_d78aaf5fec0f,Hannah Brown,9,1,9,8,1
28,5,R_plus,competition_rank,c_dbf097fbad67,Kel Mitchell,9,1,9,8,1
28,5,R_plus,competition_rank,c_ec2dfdbef29a,Kate Flannery,9,1,9,8,1
28,6,R_plus,competition_rank,c_200c4ff12963,James Van Der Beek,9,1,8,7,0.875
28,6,R_plus,competition_rank,c_60ec454a8400,Lauren Alaina,9,1,8,7,0.875
28,6,R_plus,competition_rank,c_6e362448efdd,Karamo Brown,9,1,8,7,0.875
28,6,R_plus,competition_rank,c_7d1f20af7e47,Sailor Brinkley-Cook,9,8,9,1,0.125
28,6,R_plus,competition_rank,c_97f8d8bcc4a3,Sean Spicer,9,1,9,8,1
28,6,R_plus,competition_rank,c_ad0ab76e15e2,Ally Brooke,9,1,8,7,0.875
28,6,R_plus,competition_rank,c_d78aaf5fec0f,Hannah Brown,9,1,8,7,0.875
28,6,R_plus,competition_rank,c_dbf097fbad67,Kel Mitchell,9,1,8,7,0.875
28,6,R_plus,competition_rank,c_ec2dfdbef29a,Kate Flannery,9,1,8,7,0.875
28,7,R_plus,competition_rank,c_200c4ff12963,James Van Der Beek,8,1,8,7,1
28,7,R_plus,competition_rank,c_60ec454a8400,Lauren Alaina,8,1,8,7,1
28,7,R_plus,competition_rank,c_6e362448efdd,Karamo Brown,8,2,8,6,0.857142857143
28,7,R_plus,competition_rank,c_97f8d8bcc4a3,Sean Spicer,8,1,8,7,1
28,7,R_plus,competition_rank,c_ad0ab76e15e2,Ally Brooke,8,1,8,7,1
28,7,R_plus,competition_rank,c_d78aaf5fec0f,Hannah Brown,8,1,8,7,1
28,7,R_plus,competition_rank,c_dbf097fbad67,Kel Mitchell,8,1,8,7,1
28,7,R_plus,competition_rank,c_ec2dfdbef29a,Kate Flannery,8,1,8,7,1
28,8,R_plus,competition_rank,c_200c4ff12963,James Van Der Beek,7,1,7,6,1
28,8,R_plus,competition_rank,c_60ec454a8400,Lauren Alaina,7,1,7,6,1
28,8,R_plus,competition_rank,c_97f8d8bcc4a3,Sean Spicer,7,1,7,6,1
28,8,R_plus,competition_rank,c_ad0ab76e15e2,Ally Brooke,7,1,7,6,1
28,8,R_plus,competition_rank,c_d78aaf5fec0f,Hannah Brown,7,1,7,6,1
28,8,R_plus,competition_rank,c_dbf097fbad67,Kel Mitchell,7,1,7,6,1
28,8,R_plus,competition_rank,c_ec2dfdbef29a,Kate Flannery,7,2,7,5,0.833333333333
28,9,R_plus,competition_rank,c_200c4ff12963,James Van Der Beek,6,1,6,5,1
28,9,R_plus,competition_rank,c_60ec454a8400,Lauren Alaina,6,1,6,5,1
28,9,R_plus,competition_rank,c_97f8d8bcc4a3,Sean Spicer,6,1,6,5,1
28,9,R_plus,competition_rank,c_ad0ab76e15e2,Ally Brooke,6,1,6,5,1
28,9,R_plus,competition_rank,c_d78aaf5fec0f,Hannah Brown,6,1,6,5,1
28,9,R_plus,competition_rank,c_dbf097fbad67,Kel Mitchell,6,1,6,5,1
28,10,R_plus,competition_rank,c_200c4ff12963,James Van Der Beek,5,1,5,4,1
28,10,R_plus,competition_rank,c_60ec454a8400,Lauren Alaina,5,1,5,4,1
28,10,R_plus,competition_rank,c_ad0ab76e15e2,Ally Brooke,5,1,5,4,1
28,10,R_plus,competition_rank,c_d78aaf5fec0f,Hannah Brown,5,1,5,4,1
28,10,R_plus,competition_rank,c_dbf097fbad67,Kel Mitchell,5,1,5,4,1
28,11,R_plus,competition_rank,c_60ec454a8400,Lauren Alaina,4,1,4,3,1
28,11,R_plus,competition_rank,c_ad0ab76e15e2,Ally Brooke,4,3,4,1,0.333333333333
28,11,R_plus,competition_rank,c_d78aaf5fec0f,Hannah Brown,4,1,2,1,0.333333333333
28,11,R_plus,competition_rank,c_dbf097fbad67,Kel Mitchell,4,2,3,1,0.333333333333
29,1,R_plus,competition_rank,c_070a9cf4335b,Nev Schulman,15,1,15,14,1
29,1,R_plus,competition_rank,c_11dab416256e,Johnny Weir,15,1,15,14,1
29,1,R_plus,competition_rank,c_249fee0c5f0e,Chrishell Stause,15,1,15,14,1
29,1,R_plus,competition_rank,c_3f32d6efef34,AJ McLean,15,1,15,14,1
29,1,R_plus,competition_rank,c_4a8d25406f8b,Kaitlyn Bristowe,15,1,15,14,1
29,1,R_plus,competition_rank,c_573652556221,Nelly,15,1,15,14,1
29,1,R_plus,competition_rank,c_65d6cab6dadb,Carole Baskin,15,1,15,14,1
29,1,R_plus,competition_rank,c_74452ad09396,Anne Heche,15,1,15,14,1
29,1,R_plus,competition_rank,c_753fc2e06368,Skai Jackson,15,1,15,14,1
29,1,R_plus,competition_rank,c_7a0bc074d7ee,Charles Oakley,15,1,15,14,1
29,1,R_plus,competition_rank,c_7c2348559a18,Veron Davis,15,1,15,14,1
29,1,R_plus,competition_rank,c_823f9ca9ea5e,Monica Aldama,15,1,15,14,1
29,1,R_plus,competition_rank,c_8bc88f2bc529,Justina Machado,15,1,15,14,1
29,1,R_plus,competition_rank,c_8cbaf01f9030,Jesse Metcalfe,15,1,15,14,1
29,1,R_plus,competition_rank,c_ace5e5d137ce,Jeannie Mai,15,1,15,14,1
29,2,R_plus,competition_rank,c_070a9cf4335b,Nev Schulman,15,1,15,14,1
29,2,R_plus,competition_rank,c_11dab416256e,Johnny Weir,15,1,15,14,1
29,2,R_plus,competition_rank,c_249fee0c5f0e,Chrishell Stause,15,1,15,14,1
29,2,R_plus,competition_rank,c_3f32d6efef34,AJ McLean,15,1,15,14,1
29,2,R_plus,competition_rank,c_4a8d25406f8b,Kaitlyn Bristowe,15,1,15,14,1
29,2,R_plus,competition_rank,c_573652556221,Nelly,15,1,15,14,1
29,2,R_plus,competition_rank,c_65d6cab6dadb,Carole Baskin,15,1,15,14,1
29,2,R_plus,competition_rank,c_74452ad09396,Anne Heche,15,1,15,14,1
29,2,R_plus,competition_rank,c_753fc2e06368,Skai Jackson,15,1,15,14,1
29,2,R_plus,competition_rank,c_7a0bc074d7ee,Charles Oakley,15,1,15,14,1
29,2,R_plus,competition_rank,c_7c2348559a18,Veron Davis,15,1,15,14,1
29,2,R_plus,competition_rank,c_823f9ca9ea5e,Monica Aldama,15,1,15,14,1
29,2,R_plus,competition_rank,c_8bc88f2bc529,Justina Machado,15,1,15,14,1
29,2,R_plus,competition_rank,c_8cbaf01f9030,Jesse Metcalfe,15,1,15,14,1
29,2,R_plus,competition_rank,c_ace5e5d137ce,Jeannie Mai,15,1,15,14,1
29,3,R_plus,competition_rank,c_070a9cf4335b,Nev Schulman,14,1,14,13,1
29,3,R_plus,competition_rank,c_11dab416256e,Johnny Weir,14,1,14,13,1
29,3,R_plus,competition_rank,c_249fee0c5f0e,Chrishell Stause,14,1,14,13,1
29,3,R_plus,competition_rank,c_3f32d6efef34,AJ McLean,14,1,14,13,1
29,3,R_plus,competition_rank,c_4a8d25406f8b,Kaitlyn Bristowe,14,1,14,13,1
29,3,R_plus,competition_rank,c_573652556221,Nelly,14,1,14,13,1
29,3,R_plus,competition_rank,c_65d6cab6dadb,Carole Baskin,14,1,14,13,1
29,3,R_plus,competition_rank,c_74452ad09396,Anne Heche,14,1,14,13,1
29,3,R_plus,competition_rank,c_753fc2e06368,Skai Jackson,14,1,14,13,1
29,3,R_plus,competition_rank,c_7c2348559a18,Veron Davis,14,1,14,13,1
29,3,R_plus,competition_rank,c_823f9ca9ea5e,Monica Aldama,14,1,14,13,1
29,3,R_plus,competition_rank,c_8bc88f2bc529,Justina Machado,14,1,14,13,1
29,3,R_plus,competition_rank,c_8cbaf01f9030,Jesse Metcalfe,14,1,14,13,1
29,3,R_plus,competition_rank,c_ace5e5d137ce,Jeannie Mai,14,1,14,13,1
29,4,R_plus,competition_rank,c_070a9cf4335b,Nev Schulman,13,1,13,12,1
29,4,R_plus,competition_rank,c_11dab416256e,Johnny Weir,13,1,13,12,1
29,4,R_plus,competition_rank,c_249fee0c5f0e,Chrishell Stause,13,1,13,12,1
29,4,R_plus,competition_rank,c_3f32d6efef34,AJ McLean,13,1,13,12,1
29,4,R_plus,competition_rank,c_4a8d25406f8b,Kaitlyn Bristowe,13,1,13,12,1
29,4,R_plus,competition_rank,c_573652556221,Nelly,13,1,13,12,1
29,4,R_plus,competition_rank,c_74452ad09396,Anne Heche,13,3,13,10,0.833333333333
29,4,R_plus,competition_rank,c_753fc2e06368,Skai Jackson,13,1,13,12,1
29,4,R_plus,competition_rank,c_7c2348559a18,Veron Davis,13,1,13,12,1
29,4,R_plus,competition_rank,c_823f9ca9ea5e,Monica Aldama,13,1,13,12,1
29,4,R_plus,competition_rank,c_8bc88f2bc529,Justina Machado,13,1,13,12,1
29,4,R_plus,competition_rank,c_8cbaf01f9030,Jesse Metcalfe,13,1,13,12,1
29,4,R_plus,competition_rank,c_ace5e5d137ce,Jeannie Mai,13,1,13,12,1
29,5,R_plus,competition_rank,c_070a9cf4335b,Nev Schulman,12,1,12,11,1
29,5,R_plus,competition_rank,c_11dab416256e,Johnny Weir,12,1,12,11,1
29,5,R_plus,competition_rank,c_249fee0c5f0e,Chrishell Stause,12,1,12,11,1
29,5,R_plus,competition_rank,c_3f32d6efef34,AJ McLean,12,1,12,11,1
29,5,R_plus,competition_rank,c_4a8d25406f8b,Kaitlyn Bristowe,12,1,12,11,1
29,5,R_plus,competition_rank,c_573652556221,Nelly,12,1,12,11,1
29,5,R_plus,competition_rank,c_753fc2e06368,Skai Jackson,12,1,12,11,1
29,5,R_plus,competition_rank,c_7c2348559a18,Veron Davis,12,1,12,11,1
29,5,R_plus,competition_rank,c_823f9ca9ea5e,Monica Aldama,12,1,12,11,1
29,5,R_plus,competition_rank,c_8bc88f2bc529,Justina Machado,12,1,12,11,1
29,5,R_plus,competition_rank,c_8cbaf01f9030,Jesse Metcalfe,12,1,12,11,1
29,5,R_plus,competition_rank,c_ace5e5d137ce,Jeannie Mai,12,1,12,11,1
29,6,R_plus,competition_rank,c_070a9cf4335b,Nev Schulman,11,1,11,10,1
29,6,R_plus,competition_rank,c_11dab416256e,Johnny Weir,11,1,11,10,1
29,6,R_plus,competition_rank,c_249fee0c5f0e,Chrishell Stause,11,1,11,10,1
29,6,R_plus,competition_rank,c_3f32d6efef34,AJ McLean,11,1,11,10,1
29,6,R_plus,competition_rank,c_4a8d25406f8b,Kaitlyn Bristowe,11,1,11,10,1
29,6,R_plus,competition_rank,c_573652556221,Nelly,11,1,11,10,1
29,6,R_plus,competition_rank,c_753fc2e06368,Skai Jackson,11,1,11,10,1
29,6,R_plus,competition_rank,c_7c2348559a18,Veron Davis,11,1,11,10,1
29,6,R_plus,competition_rank,c_823f9ca9ea5e,Monica Aldama,11,1,11,10,1
29,6,R_plus,competition_rank,c_8bc88f2bc529,Justina Machado,11,1,11,10,1
29,6,R_plus,competition_rank,c_ace5e5d137ce,Jeannie Mai,11,1,11,10,1
29,7,R_plus,competition_rank,c_070a9cf4335b,Nev Schulman,10,1,10,9,1
29,7,R_plus,competition_rank,c_11dab416256e,Johnny Weir,10,1,10,9,1
29,7,R_plus,competition_rank,c_249fee0c5f0e,Chrishell Stause,10,1,10,9,1
29,7,R_plus,competition_rank,c_3f32d6efef34,AJ McLean,10,1,10,9,1
29,7,R_plus,competition_rank,c_4a8d25406f8b,Kaitlyn Bristowe,10,1,10,9,1
29,7,R_plus,competition_rank,c_573652556221,Nelly,10,1,10,9,1
29,7,R_plus,competition_rank,c_753fc2e06368,Skai Jackson,10,1,10,9,1
29,7,R_plus,competition_rank,c_823f9ca9ea5e,Monica Aldama,10,1,10,9,1
29,7,R_plus,competition_rank,c_8bc88f2bc529,Justina Machado,10,1,10,9,1
29,7,R_plus,competition_rank,c_ace5e5d137ce,Jeannie Mai,10,1,10,9,1
29,8,R_plus,competition_rank,c_070a9cf4335b,Nev Schulman,8,1,8,7,1
29,8,R_plus,competition_rank,c_11dab416256e,Johnny Weir,8,1,8,7,1
29,8,R_plus,competition_rank,c_249fee0c5f0e,Chrishell Stause,8,3,8,5,0.714285714286
29,8,R_plus,competition_rank,c_3f32d6efef34,AJ McLean,8,1,8,7,1
29,8,R_plus,competition_rank,c_4a8d25406f8b,Kaitlyn Bristowe,8,1,8,7,1
29,8,R_plus,competition_rank,c_573652556221,Nelly,8,1,8,7,1
29,8,R_plus,competition_rank,c_753fc2e06368,Skai Jackson,8,1,8,7,1
29,8,R_plus,competition_rank,c_8bc88f2bc529,Justina Machado,8,1,8,7,1
29,9,R_plus,competition_rank,c_070a9cf4335b,Nev Schulman,7,1,7,6,1
29,9,R_plus,competition_rank,c_11dab416256e,Johnny Weir,7,1,7,6,1
29,9,R_plus,competition_rank,c_3f32d6efef34,AJ McLean,7,1,7,6,1
29,9,R_plus,competition_rank,c_4a8d25406f8b,Kaitlyn Bristowe,7,1,7,6,1
29,9,R_plus,competition_rank,c_573652556221,Nelly,7,1,7,6,1
29,9,R_plus,competition_rank,c_753fc2e06368,Skai Jackson,7,1,7,6,1
29,9,R_plus,competition_rank,c_8bc88f2bc529,Justina Machado,7,1,7,6,1
29,10,R_plus,competition_rank,c_070a9cf4335b,Nev Schulman,6,1,6,5,1
29,10,R_plus,competition_rank,c_11dab416256e,Johnny Weir,6,1,6,5,1
29,10,R_plus,competition_rank,c_4a8d25406f8b,Kaitlyn Bristowe,6,1,6,5,1
29,10,R_plus,competition_rank,c_573652556221,Nelly,6,1,6,5,1
29,10,R_plus,competition_rank,c_753fc2e06368,Skai Jackson,6,1,6,5,1
29,10,R_plus,competition_rank,c_8bc88f2bc529,Justina Machado,6,1,6,5,1
29,11,R_plus,competition_rank,c_070a9cf4335b,Nev Schulman,4,3,3,0,0
29,11,R_plus,competition_rank,c_4a8d25406f8b,Kaitlyn Bristowe,4,2,2,0,0
29,11,R_plus,competition_rank,c_573652556221,Nelly,4,1,1,0,0
29,11,R_plus,competition_rank,c_8bc88f2bc529,Justina Machado,4,4,4,0,0
30,1,R_plus,competition_rank,c_04ef229c7ff0,Kenya Moore,15,1,15,14,1
30,1,R_plus,competition_rank,c_1c05f6d66a3f,Matt James,15,1,15,14,1
30,1,R_plus,competition_rank,c_71da7b768d6d,Jimmie Allen,15,1,15,14,1
30,1,R_plus,competition_rank,c_7dbe643a5b94,Melanie C,15,1,15,14,1
30,1,R_plus,competition_rank,c_84deafeeb974,Amanda Kloots,15,1,15,14,1
30,1,R_plus,competition_rank,c_8b3d0c71d246,Suni Lee,15,1,15,14,1
30,1,R_plus,competition_rank,c_9b015ed7e42e,Cody Rigsby,15,1,15,14,1
30,1,R_plus,competition_rank,c_a71bf11ea29e,Olivia Jade,15,1,15,14,1
30,1,R_plus,competition_rank,c_a72a230eaba2,Melora Hardin,15,1,15,14,1
30,1,R_plus,competition_rank,c_b002034162db,Christine Chiu,15,1,15,14,1
30,1,R_plus,competition_rank,c_dceaa5c7f8dd,Iman Shumpert,15,1,15,14,1
30,1,R_plus,competition_rank,c_def7afb85d8e,JoJo Siwa,15,1,15,14,1
30,1,R_plus,competition_rank,c_dff70a5b7575,Martin Kove,15,1,15,14,1
30,1,R_plus,competition_rank,c_dffffa72652e,Brian Austin Green,15,1,15,14,1
30,1,R_plus,competition_rank,c_f1e90bd6e09a,"Mike ""The Miz"" Mizanin",15,1,15,14,1
30,2,R_plus,competition_rank,c_04ef229c7ff0,Kenya Moore,15,1,15,14,1
30,2,R_plus,competition_rank,c_1c05f6d66a3f,Matt James,15,1,15,14,1
30,2,R_plus,competition_rank,c_71da7b768d6d,Jimmie Allen,15,1,15,14,1
30,2,R_plus,competition_rank,c_7dbe643a5b94,Melanie C,15,1,15,14,1
30,2,R_plus,competition_rank,c_84deafeeb974,Amanda Kloots,15,1,15,14,1
30,2,R_plus,competition_rank,c_8b3d0c71d246,Suni Lee,15,1,15,14,1
30,2,R_plus,competition_rank,c_9b015ed7e42e,Cody Rigsby,15,1,15,14,1
30,2,R_plus,competition_rank,c_a71bf11ea29e,Olivia Jade,15,1,15,14,1
30,2,R_plus,competition_rank,c_a72a230eaba2,Melora Hardin,15,1,15,14,1
30,2,R_plus,competition_rank,c_b002034162db,Christine Chiu,15,1,15,14,1
30,2,R_plus,competition_rank,c_dceaa5c7f8dd,Iman Shumpert,15,1,15,14,1
30,2,R_plus,competition_rank,c_def7afb85d8e,JoJo Siwa,15,1,15,14,1
30,2,R_plus,competition_rank,c_dff70a5b7575,Martin Kove,15,1,15,14,1
30,2,R_plus,competition_rank,c_dffffa72652e,Brian Austin Green,15,1,15,14,1
30,2,R_plus,competition_rank,c_f1e90bd6e09a,"Mike ""The Miz"" Mizanin",15,1,15,14,1
30,3,R_plus,competition_rank,c_04ef229c7ff0,Kenya Moore,14,1,14,13,1
30,3,R_plus,competition_rank,c_1c05f6d66a3f,Matt James,14,1,14,13,1
30,3,R_plus,competition_rank,c_71da7b768d6d,Jimmie Allen,14,1,14,13,1
30,3,R_plus,competition_rank,c_7dbe643a5b94,Melanie C,14,1,14,13,1
30,3,R_plus,competition_rank,c_84deafeeb974,Amanda Kloots,14,1,14,13,1
30,3,R_plus,competition_rank,c_8b3d0c71d246,Suni Lee,14,1,14,13,1
30,3,R_plus,competition_rank,c_9b015ed7e42e,Cody Rigsby,14,1,14,13,1
30,3,R_plus,competition_rank,c_a71bf11ea29e,Olivia Jade,14,1,14,13,1
30,3,R_plus,competition_rank,c_a72a230eaba2,Melora Hardin,14,1,14,13,1
30,3,R_plus,competition_rank,c_b002034162db,Christine Chiu,14,7,14,7,0.538461538462
30,3,R_plus,competition_rank,c_dceaa5c7f8dd,Iman Shumpert,14,1,14,13,1
30,3,R_plus,competition_rank,c_def7afb85d8e,JoJo Siwa,14,1,14,13,1
30,3,R_plus,competition_rank,c_dffffa72652e,Brian Austin Green,14,1,14,13,1
30,3,R_plus,competition_rank,c_f1e90bd6e09a,"Mike ""The Miz"" Mizanin",14,1,14,13,1
30,4,R_plus,competition_rank,c_04ef229c7ff0,Kenya Moore,13,1,13,12,1
30,4,R_plus,competition_rank,c_1c05f6d66a3f,Matt James,13,1,13,12,1
30,4,R_plus,competition_rank,c_71da7b768d6d,Jimmie Allen,13,1,13,12,1
30,4,R_plus,competition_rank,c_7dbe643a5b94,Melanie C,13,1,13,12,1
30,4,R_plus,competition_rank,c_84deafeeb974,Amanda Kloots,13,1,13,12,1
30,4,R_plus,competition_rank,c_8b3d0c71d246,Suni Lee,13,1,13,12,1
30,4,R_plus,competition_rank,c_9b015ed7e42e,Cody Rigsby,13,1,13,12,1
30,4,R_plus,competition_rank,c_a71bf11ea29e,Olivia Jade,13,1,13,12,1
30,4,R_plus,competition_rank,c_a72a230eaba2,Melora Hardin,13,1,13,12,1
30,4,R_plus,competition_rank,c_dceaa5c7f8dd,Iman Shumpert,13,1,13,12,1
30,4,R_plus,competition_rank,c_def7afb85d8e,JoJo Siwa,13,1,13,12,1
30,4,R_plus,competition_rank,c_dffffa72652e,Brian Austin Green,13,1,13,12,1
30,4,R_plus,competition_rank,c_f1e90bd6e09a,"Mike ""The Miz"" Mizanin",13,1,13,12,1
30,5,R_plus,competition_rank,c_04ef229c7ff0,Kenya Moore,11,1,11,10,1
30,5,R_plus,competition_rank,c_71da7b768d6d,Jimmie Allen,11,1,11,10,1
30,5,R_plus,competition_rank,c_7dbe643a5b94,Melanie C,11,8,11,3,0.3
30,5,R_plus,competition_rank,c_84deafeeb974,Amanda Kloots,11,1,11,10,1
30,5,R_plus,competition_rank,c_8b3d0c71d246,Suni Lee,11,1,11,10,1
30,5,R_plus,competition_rank,c_9b015ed7e42e,Cody Rigsby,11,1,11,10,1
30,5,R_plus,competition_rank,c_a71bf11ea29e,Olivia Jade,11,1,11,10,1
30,5,R_plus,competition_rank,c_a72a230eaba2,Melora Hardin,11,1,11,10,1
30,5,R_plus,competition_rank,c_dceaa5c7f8dd,Iman Shumpert,11,1,11,10,1
30,5,R_plus,competition_rank,c_def7afb85d8e,JoJo Siwa,11,1,11,10,1
30,5,R_plus,competition_rank,c_f1e90bd6e09a,"Mike ""The Miz"" Mizanin",11,1,11,10,1
30,6,R_plus,competition_rank,c_04ef229c7ff0,Kenya Moore,10,1,10,9,1
30,6,R_plus,competition_rank,c_71da7b768d6d,Jimmie Allen,10,1,10,9,1
30,6,R_plus,competition_rank,c_84deafeeb974,Amanda Kloots,10,1,10,9,1
30,6,R_plus,competition_rank,c_8b3d0c71d246,Suni Lee,10,1,10,9,1
30,6,R_plus,competition_rank,c_9b015ed7e42e,Cody Rigsby,10,1,10,9,1
30,6,R_plus,competition_rank,c_a71bf11ea29e,Olivia Jade,10,1,10,9,1
30,6,R_plus,competition_rank,c_a72a230eaba2,Melora Hardin,10,1,10,9,1
30,6,R_plus,competition_rank,c_dceaa5c7f8dd,Iman Shumpert,10,1,10,9,1
30,6,R_plus,competition_rank,c_def7afb85d8e,JoJo Siwa,10,1,10,9,1
30,6,R_plus,competition_rank,c_f1e90bd6e09a,"Mike ""The Miz"" Mizanin",10,1,10,9,1
30,7,R_plus,competition_rank,c_71da7b768d6d,Jimmie Allen,9,1,9,8,1
30,7,R_plus,competition_rank,c_84deafeeb974,Amanda Kloots,9,1,9,8,1
30,7,R_plus,competition_rank,c_8b3d0c71d246,Suni Lee,9,1,9,8,1
30,7,R_plus,competition_rank,c_9b015ed7e42e,Cody Rigsby,9,1,9,8,1
30,7,R_plus,competition_rank,c_a71bf11ea29e,Olivia Jade,9,1,9,8,1
30,7,R_plus,competition_rank,c_a72a230eaba2,Melora Hardin,9,1,9,8,1
30,7,R_plus,competition_rank,c_dceaa5c7f8dd,Iman Shumpert,9,1,9,8,1
30,7,R_plus,competition_rank,c_def7afb85d8e,JoJo Siwa,9,1,9,8,1
30,7,R_plus,competition_rank,c_f1e90bd6e09a,"Mike ""The Miz"" Mizanin",9,1,9,8,1
30,8,R_plus,competition_rank,c_71da7b768d6d,Jimmie Allen,8,1,8,7,1
30,8,R_plus,competition_rank,c_84deafeeb974,Amanda Kloots,8,1,8,7,1
30,8,R_plus,competition_rank,c_8b3d0c71d246,Suni Lee,8,1,8,7,1
30,8,R_plus,competition_rank,c_9b015ed7e42e,Cody Rigsby,8,1,8,7,1
30,8,R_plus,competition_rank,c_a71bf11ea29e,Olivia Jade,8,1,8,7,1
30,8,R_plus,competition_rank,c_a72a230eaba2,Melora Hardin,8,1,8,7,1
30,8,R_plus,competition_rank,c_dceaa5c7f8dd,Iman Shumpert,8,1,8,7,1
30,8,R_plus,competition_rank,c_def7afb85d8e,JoJo Siwa,8,1,8,7,1
30,9,R_plus,competition_rank,c_84deafeeb974,Amanda Kloots,6,1,6,5,1
30,9,R_plus,competition_rank,c_8b3d0c71d246,Suni Lee,6,2,6,4,0.8
30,9,R_plus,competition_rank,c_9b015ed7e42e,Cody Rigsby,6,1,6,5,1
30,9,R_plus,competition_rank,c_a72a230eaba2,Melora Hardin,6,1,6,5,1
30,9,R_plus,competition_rank,c_dceaa5c7f8dd,Iman Shumpert,6,1,6,5,1
30,9,R_plus,competition_rank,c_def7afb85d8e,JoJo Siwa,6,1,6,5,1
30,10,R_plus,competition_rank,c_84deafeeb974,Amanda Kloots,4,2,4,2,0.666666666667
30,10,R_plus,competition_rank,c_9b015ed7e42e,Cody Rigsby,4,1,3,2,0.666666666667
30,10,R_plus,competition_rank,c_dceaa5c7f8dd,Iman Shumpert,4,1,3,2,0.666666666667
30,10,R_plus,competition_rank,c_def7afb85d8e,JoJo Siwa,4,2,4,2,0.666666666667
31,1,R_plus,competition_rank,c_0d5a2f599184,Jessie James Decker,16,1,16,15,1
31,1,R_plus,competition_rank,c_1159095f4a06,Daniel Durant,16,1,16,15,1
31,1,R_plus,competition_rank,c_41dbb7e37c3f,Jordin Sparks,16,1,16,15,1
31,1,R_plus,competition_rank,c_4576c1e717de,Joseph Baena,16,1,16,15,1
31,1,R_plus,competition_rank,c_4690169597bc,Heidi D'Amelio,16,1,16,15,1
31,1,R_plus,competition_rank,c_4805f1f102ab,Jason Lewis,16,1,16,15,1
31,1,R_plus,competition_rank,c_6e2b2aba7b11,Selma Blair,16,1,16,15,1
31,1,R_plus,competition_rank,c_90c817bb5500,Gabby Windey,16,1,16,15,1
31,1,R_plus,competition_rank,c_a8ae5f82613f,Cheryl Ladd,16,1,16,15,1
31,1,R_plus,competition_rank,c_ae6bf360c8a4,Charli D'Amelio,16,1,16,15,1
31,1,R_plus,competition_rank,c_c71ddf354ea3,Wayne Brady,16,1,16,15,1
31,1,R_plus,competition_rank,c_e7b82e520741,Vinny Guadagnino,16,1,16,15,1
31,1,R_plus,competition_rank,c_f35311773a50,Shangela,16,1,16,15,1
31,1,R_plus,competition_rank,c_f437cc468edb,Sam Champion,16,1,16,15,1
31,1,R_plus,competition_rank,c_fa7ed2d79dc9,Teresa Giudice,16,1,16,15,1
31,1,R_plus,competition_rank,c_ff3d5df7f1dc,Trevor Donovan,16,1,16,15,1
31,2,R_plus,competition_rank,c_0d5a2f599184,Jessie James Decker,15,1,15,14,1
31,2,R_plus,competition_rank,c_1159095f4a06,Daniel Durant,15,1,15,14,1
31,2,R_plus,competition_rank,c_41dbb7e37c3f,Jordin Sparks,15,1,15,14,1
31,2,R_plus,competition_rank,c_4576c1e717de,Joseph Baena,15,1,15,14,1
31,2,R_plus,competition_rank,c_4690169597bc,Heidi D'Amelio,15,1,15,14,1
31,2,R_plus,competition_rank,c_6e2b2aba7b11,Selma Blair,15,1,15,14,1
31,2,R_plus,competition_rank,c_90c817bb5500,Gabby Windey,15,1,15,14,1
31,2,R_plus,competition_rank,c_a8ae5f82613f,Cheryl Ladd,15,1,15,14,1
31,2,R_plus,competition_rank,c_ae6bf360c8a4,Charli D'Amelio,15,1,15,14,1
31,2,R_plus,competition_rank,c_c71ddf354ea3,Wayne Brady,15,1,15,14,1
31,2,R_plus,competition_rank,c_e7b82e520741,Vinny Guadagnino,15,1,15,14,1
31,2,R_plus,competition_rank,c_f35311773a50,Shangela,15,1,15,14,1
31,2,R_plus,competition_rank,c_f437cc468edb,Sam Champion,15,1,15,14,1
31,2,R_plus,competition_rank,c_fa7ed2d79dc9,Teresa Giudice,15,1,15,14,1
31,2,R_plus,competition_rank,c_ff3d5df7f1dc,Trevor Donovan,15,1,15,14,1
31,3,R_plus,competition_rank,c_0d5a2f599184,Jessie James Decker,14,1,14,13,1
31,3,R_plus,competition_rank,c_1159095f4a06,Daniel Durant,14,1,14,13,1
31,3,R_plus,competition_rank,c_41dbb7e37c3f,Jordin Sparks,14,1,14,13,1
31,3,R_plus,competition_rank,c_4576c1e717de,Joseph Baena,14,1,14,13,1
31,3,R_plus,competition_rank,c_4690169597bc,Heidi D'Amelio,14,1,14,13,1
31,3,R_plus,competition_rank,c_6e2b2aba7b11,Selma Blair,14,1,14,13,1
31,3,R_plus,competition_rank,c_90c817bb5500,Gabby Windey,14,1,14,13,1
31,3,R_plus,competition_rank,c_a8ae5f82613f,Cheryl Ladd,14,1,14,13,1
31,3,R_plus,competition_rank,c_ae6bf360c8a4,Charli D'Amelio,14,1,14,13,1
31,3,R_plus,competition_rank,c_c71ddf354ea3,Wayne Brady,14,1,14,13,1
31,3,R_plus,competition_rank,c_e7b82e520741,Vinny Guadagnino,14,1,14,13,1
31,3,R_plus,competition_rank,c_f35311773a50,Shangela,14,1,14,13,1
31,3,R_plus,competition_rank,c_f437cc468edb,Sam Champion,14,1,14,13,1
31,3,R_plus,competition_rank,c_ff3d5df7f1dc,Trevor Donovan,14,1,14,13,1
31,4,R_plus,competition_rank,c_0d5a2f599184,Jessie James Decker,13,1,13,12,1
31,4,R_plus,competition_rank,c_1159095f4a06,Daniel Durant,13,1,13,12,1
31,4,R_plus,competition_rank,c_41dbb7e37c3f,Jordin Sparks,13,1,13,12,1
31,4,R_plus,competition_rank,c_4576c1e717de,Joseph Baena,13,1,13,12,1
31,4,R_plus,competition_rank,c_4690169597bc,Heidi D'Amelio,13,1,13,12,1
31,4,R_plus,competition_rank,c_6e2b2aba7b11,Selma Blair,13,1,13,12,1
31,4,R_plus,competition_rank,c_90c817bb5500,Gabby Windey,13,1,13,12,1
31,4,R_plus,competition_rank,c_ae6bf360c8a4,Charli D'Amelio,13,1,13,12,1
31,4,R_plus,competition_rank,c_c71ddf354ea3,Wayne Brady,13,1,13,12,1
31,4,R_plus,competition_rank,c_e7b82e520741,Vinny Guadagnino,13,1,13,12,1
31,4,R_plus,competition_rank,c_f35311773a50,Shangela,13,1,13,12,1
31,4,R_plus,competition_rank,c_f437cc468edb,Sam Champion,13,1,13,12,1
31,4,R_plus,competition_rank,c_ff3d5df7f1dc,Trevor Donovan,13,1,13,12,1
31,5,R_plus,competition_rank,c_0d5a2f599184,Jessie James Decker,12,1,12,11,1
31,5,R_plus,competition_rank,c_1159095f4a06,Daniel Durant,12,1,12,11,1
31,5,R_plus,competition_rank,c_41dbb7e37c3f,Jordin Sparks,12,1,12,11,1
31,5,R_plus,competition_rank,c_4576c1e717de,Joseph Baena,12,2,12,10,0.909090909091
31,5,R_plus,competition_rank,c_4690169597bc,Heidi D'Amelio,12,1,12,11,1
31,5,R_plus,competition_rank,c_6e2b2aba7b11,Selma Blair,12,1,12,11,1
31,5,R_plus,competition_rank,c_90c817bb5500,Gabby Windey,12,1,12,11,1
31,5,R_plus,competition_rank,c_ae6bf360c8a4,Charli D'Amelio,12,1,12,11,1
31,5,R_plus,competition_rank,c_c71ddf354ea3,Wayne Brady,12,1,12,11,1
31,5,R_plus,competition_rank,c_e7b82e520741,Vinny Guadagnino,12,1,12,11,1
31,5,R_plus,competition_rank,c_f35311773a50,Shangela,12,1,12,11,1
31,5,R_plus,competition_rank,c_ff3d5df7f1dc,Trevor Donovan,12,1,12,11,1
31,6,R_plus,competition_rank,c_0d5a2f599184,Jessie James Decker,10,1,10,9,1
31,6,R_plus,competition_rank,c_1159095f4a06,Daniel Durant,10,1,10,9,1
31,6,R_plus,competition_rank,c_41dbb7e37c3f,Jordin Sparks,10,1,10,9,1
31,6,R_plus,competition_rank,c_4690169597bc,Heidi D'Amelio,10,1,10,9,1
31,6,R_plus,competition_rank,c_90c817bb5500,Gabby Windey,10,1,10,9,1
31,6,R_plus,competition_rank,c_ae6bf360c8a4,Charli D'Amelio,10,1,10,9,1
31,6,R_plus,competition_rank,c_c71ddf354ea3,Wayne Brady,10,1,10,9,1
31,6,R_plus,competition_rank,c_e7b82e520741,Vinny Guadagnino,10,1,10,9,1
31,6,R_plus,competition_rank,c_f35311773a50,Shangela,10,1,10,9,1
31,6,R_plus,competition_rank,c_ff3d5df7f1dc,Trevor Donovan,10,1,10,9,1
31,7,R_plus,competition_rank,c_1159095f4a06,Daniel Durant,9,1,9,8,1
31,7,R_plus,competition_rank,c_41dbb7e37c3f,Jordin Sparks,9,1,9,8,1
31,7,R_plus,competition_rank,c_4690169597bc,Heidi D'Amelio,9,1,9,8,1
31,7,R_plus,competition_rank,c_90c817bb5500,Gabby Windey,9,1,9,8,1
31,7,R_plus,competition_rank,c_ae6bf360c8a4,Charli D'Amelio,9,1,9,8,1
31,7,R_plus,competition_rank,c_c71ddf354ea3,Wayne Brady,9,1,9,8,1
31,7,R_plus,competition_rank,c_e7b82e520741,Vinny Guadagnino,9,1,9,8,1
31,7,R_plus,competition_rank,c_f35311773a50,Shangela,9,1,9,8,1
31,7,R_plus,competition_rank,c_ff3d5df7f1dc,Trevor Donovan,9,1,9,8,1
31,8,R_plus,competition_rank,c_1159095f4a06,Daniel Durant,8,1,8,7,1
31,8,R_plus,competition_rank,c_4690169597bc,Heidi D'Amelio,8,1,8,7,1
31,8,R_plus,competition_rank,c_90c817bb5500,Gabby Windey,8,1,8,7,1
31,8,R_plus,competition_rank,c_ae6bf360c8a4,Charli D'Amelio,8,1,8,7,1
31,8,R_plus,competition_rank,c_c71ddf354ea3,Wayne Brady,8,1,8,7,1
31,8,R_plus,competition_rank,c_e7b82e520741,Vinny Guadagnino,8,1,8,7,1
31,8,R_plus,competition_rank,c_f35311773a50,Shangela,8,1,8,7,1
31,8,R_plus,competition_rank,c_ff3d5df7f1dc,Trevor Donovan,8,1,8,7,1
31,9,R_plus,competition_rank,c_1159095f4a06,Daniel Durant,6,1,6,5,1
31,9,R_plus,competition_rank,c_90c817bb5500,Gabby Windey,6,1,6,5,1
31,9,R_plus,competition_rank,c_ae6bf360c8a4,Charli D'Amelio,6,1,6,5,1
31,9,R_plus,competition_rank,c_c71ddf354ea3,Wayne Brady,6,1,6,5,1
31,9,R_plus,competition_rank,c_f35311773a50,Shangela,6,1,6,5,1
31,9,R_plus,competition_rank,c_ff3d5df7f1dc,Trevor Donovan,6,1,6,5,1
31,10,R_plus,competition_rank,c_90c817bb5500,Gabby Windey,4,2,4,2,0.666666666667
31,10,R_plus,competition_rank,c_ae6bf360c8a4,Charli D'Amelio,4,1,2,1,0.333333333333
31,10,R_plus,competition_rank,c_c71ddf354ea3,Wayne Brady,4,1,3,2,0.666666666667
31,10,R_plus,competition_rank,c_f35311773a50,Shangela,4,3,4,1,0.333333333333
32,1,R_plus,competition_rank,c_0a8f3cc88fa8,Barry Williams,14,1,14,13,1
32,1,R_plus,competition_rank,c_0ffc9580e137,Harry Jowsey,14,1,14,13,1
32,1,R_plus,competition_rank,c_1532158d2c60,Tyson Beckford,14,1,14,13,1
32,1,R_plus,competition_rank,c_274415f91128,Adrian Peterson,14,1,14,13,1
32,1,R_plus,competition_rank,c_39f33002c42d,Ariana Madix,14,1,14,13,1
32,1,R_plus,competition_rank,c_3d3cd78d89be,Jamie Lynn Spears,14,1,14,13,1
32,1,R_plus,competition_rank,c_443de94b524e,Jason Mraz,14,1,14,13,1
32,1,R_plus,competition_rank,c_6c0cfc3d0044,Alyson Hannigan,14,1,14,13,1
32,1,R_plus,competition_rank,c_6f7b072fccfc,Charity Lawson,14,1,14,13,1
32,1,R_plus,competition_rank,c_aa522d7fe14c,Mira Sorvino,14,1,14,13,1
32,1,R_plus,competition_rank,c_b615d6f6278a,Mauricio Umansky,14,1,14,13,1
32,1,R_plus,competition_rank,c_cedad300d876,Xochitl Gomez,14,1,14,13,1
32,1,R_plus,competition_rank,c_e4d906b28d73,Lele Pons,14,1,14,13,1
32,1,R_plus,competition_rank,c_e9b2531b6284,Matt Walsh,14,2,14,12,0.923076923077
32,2,R_plus,competition_rank,c_0a8f3cc88fa8,Barry Williams,13,1,13,12,1
32,2,R_plus,competition_rank,c_0ffc9580e137,Harry Jowsey,13,1,13,12,1
32,2,R_plus,competition_rank,c_1532158d2c60,Tyson Beckford,13,1,13,12,1
32,2,R_plus,competition_rank,c_274415f91128,Adrian Peterson,13,1,13,12,1
32,2,R_plus,competition_rank,c_39f33002c42d,Ariana Madix,13,1,13,12,1
32,2,R_plus,competition_rank,c_3d3cd78d89be,Jamie Lynn Spears,13,4,13,9,0.75
32,2,R_plus,competition_rank,c_443de94b524e,Jason Mraz,13,1,13,12,1
32,2,R_plus,competition_rank,c_6c0cfc3d0044,Alyson Hannigan,13,1,13,12,1
32,2,R_plus,competition_rank,c_6f7b072fccfc,Charity Lawson,13,1,13,12,1
32,2,R_plus,competition_rank,c_aa522d7fe14c,Mira Sorvino,13,1,13,12,1
32,2,R_plus,competition_rank,c_b615d6f6278a,Mauricio Umansky,13,1,13,12,1
32,2,R_plus,competition_rank,c_cedad300d876,Xochitl Gomez,13,1,13,12,1
32,2,R_plus,competition_rank,c_e4d906b28d73,Lele Pons,13,1,13,12,1
32,3,R_plus,competition_rank,c_0a8f3cc88fa8,Barry Williams,12,1,12,11,1
32,3,R_plus,competition_rank,c_0ffc9580e137,Harry Jowsey,12,1,12,11,1
32,3,R_plus,competition_rank,c_1532158d2c60,Tyson Beckford,12,1,12,11,1
32,3,R_plus,competition_rank,c_274415f91128,Adrian Peterson,12,1,12,11,1
32,3,R_plus,competition_rank,c_39f33002c42d,Ariana Madix,12,1,12,11,1
32,3,R_plus,competition_rank,c_443de94b524e,Jason Mraz,12,1,12,11,1
32,3,R_plus,competition_rank,c_6c0cfc3d0044,Alyson Hannigan,12,1,12,11,1
32,3,R_plus,competition_rank,c_6f7b072fccfc,Charity Lawson,12,1,12,11,1
32,3,R_plus,competition_rank,c_aa522d7fe14c,Mira Sorvino,12,1,12,11,1
32,3,R_plus,competition_rank,c_b615d6f6278a,Mauricio Umansky,12,1,12,11,1
32,3,R_plus,competition_rank,c_cedad300d876,Xochitl Gomez,12,1,12,11,1
32,3,R_plus,competition_rank,c_e4d906b28d73,Lele Pons,12,1,12,11,1
32,4,R_plus,competition_rank,c_0a8f3cc88fa8,Barry Williams,11,1,11,10,1
32,4,R_plus,competition_rank,c_0ffc9580e137,Harry Jowsey,11,1,11,10,1
32,4,R_plus,competition_rank,c_274415f91128,Adrian Peterson,11,5,11,6,0.6
32,4,R_plus,competition_rank,c_39f33002c42d,Ariana Madix,11,1,11,10,1
32,4,R_plus,competition_rank,c_443de94b524e,Jason Mraz,11,1,11,10,1
32,4,R_plus,competition_rank,c_6c0cfc3d0044,Alyson Hannigan,11,1,11,10,1
32,4,R_plus,competition_rank,c_6f7b072fccfc,Charity Lawson,11,1,11,10,1
32,4,R_plus,competition_rank,c_aa522d7fe14c,Mira Sorvino,11,1,11,10,1
32,4,R_plus,competition_rank,c_b615d6f6278a,Mauricio Umansky,11,1,11,10,1
32,4,R_plus,competition_rank,c_cedad300d876,Xochitl Gomez,11,1,11,10,1
32,4,R_plus,competition_rank,c_e4d906b28d73,Lele Pons,11,1,11,10,1
32,5,R_plus,competition_rank,c_0a8f3cc88fa8,Barry Williams,10,1,10,9,1
32,5,R_plus,competition_rank,c_0ffc9580e137,Harry Jowsey,10,1,10,9,1
32,5,R_plus,competition_rank,c_39f33002c42d,Ariana Madix,10,1,10,9,1
32,5,R_plus,competition_rank,c_443de94b524e,Jason Mraz,10,1,10,9,1
32,5,R_plus,competition_rank,c_6c0cfc3d0044,Alyson Hannigan,10,1,10,9,1
32,5,R_plus,competition_rank,c_6f7b072fccfc,Charity Lawson,10,1,10,9,1
32,5,R_plus,competition_rank,c_aa522d7fe14c,Mira Sorvino,10,2,10,8,0.888888888889
32,5,R_plus,competition_rank,c_b615d6f6278a,Mauricio Umansky,10,1,10,9,1
32,5,R_plus,competition_rank,c_cedad300d876,Xochitl Gomez,10,1,10,9,1
32,5,R_plus,competition_rank,c_e4d906b28d73,Lele Pons,10,1,10,9,1
32,6,R_plus,competition_rank,c_0a8f3cc88fa8,Barry Williams,9,1,9,8,1
32,6,R_plus,competition_rank,c_0ffc9580e137,Harry Jowsey,9,1,9,8,1
32,6,R_plus,competition_rank,c_39f33002c42d,Ariana Madix,9,1,9,8,1
32,6,R_plus,competition_rank,c_443de94b524e,Jason Mraz,9,1,9,8,1
32,6,R_plus,competition_rank,c_6c0cfc3d0044,Alyson Hannigan,9,1,9,8,1
32,6,R_plus,competition_rank,c_6f7b072fccfc,Charity Lawson,9,1,9,8,1
32,6,R_plus,competition_rank,c_b615d6f6278a,Mauricio Umansky,9,3,9,6,0.75
32,6,R_plus,competition_rank,c_cedad300d876,Xochitl Gomez,9,1,9,8,1
32,6,R_plus,competition_rank,c_e4d906b28d73,Lele Pons,9,1,9,8,1
32,7,R_plus,competition_rank,c_0a8f3cc88fa8,Barry Williams,8,1,8,7,1
32,7,R_plus,competition_rank,c_0ffc9580e137,Harry Jowsey,8,1,8,7,1
32,7,R_plus,competition_rank,c_39f33002c42d,Ariana Madix,8,1,8,7,1
32,7,R_plus,competition_rank,c_443de94b524e,Jason Mraz,8,1,8,7,1
32,7,R_plus,competition_rank,c_6c0cfc3d0044,Alyson Hannigan,8,1,8,7,1
32,7,R_plus,competition_rank,c_6f7b072fccfc,Charity Lawson,8,1,8,7,1
32,7,R_plus,competition_rank,c_cedad300d876,Xochitl Gomez,8,1,8,7,1
32,7,R_plus,competition_rank,c_e4d906b28d73,Lele Pons,8,5,8,3,0.428571428571
32,8,R_plus,competition_rank,c_0a8f3cc88fa8,Barry Williams,7,2,7,5,0.833333333333
32,8,R_plus,competition_rank,c_0ffc9580e137,Harry Jowsey,7,1,7,6,1
32,8,R_plus,competition_rank,c_39f33002c42d,Ariana Madix,7,1,7,6,1
32,8,R_plus,competition_rank,c_443de94b524e,Jason Mraz,7,1,7,6,1
32,8,R_plus,competition_rank,c_6c0cfc3d0044,Alyson Hannigan,7,1,7,6,1
32,8,R_plus,competition_rank,c_6f7b072fccfc,Charity Lawson,7,1,7,6,1
32,8,R_plus,competition_rank,c_cedad300d876,Xochitl Gomez,7,1,7,6,1
32,9,R_plus,competition_rank,c_0ffc9580e137,Harry Jowsey,6,1,6,5,1
32,9,R_plus,competition_rank,c_39f33002c42d,Ariana Madix,6,1,6,5,1
32,9,R_plus,competition_rank,c_443de94b524e,Jason Mraz,6,1,6,5,1
32,9,R_plus,competition_rank,c_6c0cfc3d0044,Alyson Hannigan,6,1,6,5,1
32,9,R_plus,competition_rank,c_6f7b072fccfc,Charity Lawson,6,1,6,5,1
32,9,R_plus,competition_rank,c_cedad300d876,Xochitl Gomez,6,1,6,5,1
32,10,R_plus,competition_rank,c_39f33002c42d,Ariana Madix,5,1,5,4,1
32,10,R_plus,competition_rank,c_443de94b524e,Jason Mraz,5,1,5,4,1
32,10,R_plus,competition_rank,c_6c0cfc3d0044,Alyson Hannigan,5,1,5,4,1
32,10,R_plus,competition_rank,c_6f7b072fccfc,Charity Lawson,5,1,5,4,1
32,10,R_plus,competition_rank,c_cedad300d876,Xochitl Gomez,5,1,5,4,1
32,11,R_plus,competition_rank,c_39f33002c42d,Ariana Madix,5,1,4,3,0.75
32,11,R_plus,competition_rank,c_443de94b524e,Jason Mraz,5,2,5,3,0.75
32,11,R_plus,competition_rank,c_6c0cfc3d0044,Alyson Hannigan,5,2,5,3,0.75
32,11,R_plus,competition_rank,c_6f7b072fccfc,Charity Lawson,5,3,5,2,0.5
32,11,R_plus,competition_rank,c_cedad300d876,Xochitl Gomez,5,1,2,1,0.25
33,1,R_plus,competition_rank,c_03f1c95186f0,Ilona Maher,13,1,13,12,1
33,1,R_plus,competition_rank,c_070ccb9d48f3,Stephen Nedoroscik,13,1,13,12,1
33,1,R_plus,competition_rank,c_38506bf4386f,Dwight Howard ,13,1,13,12,1
33,1,R_plus,competition_rank,c_4416c492447c,Jenn Tran,13,1,13,12,1
33,1,R_plus,competition_rank,c_50d8f7334ef2,Anna Delvey,13,1,13,12,1
33,1,R_plus,competition_rank,c_548bd4dd6577,Danny Amendola,13,1,13,12,1
33,1,R_plus,competition_rank,c_6c369becca5b,Eric Roberts,13,1,13,12,1
33,1,R_plus,competition_rank,c_81ba1a15bc54,Brooks Nader,13,1,13,12,1
33,1,R_plus,competition_rank,c_826d53336104,Chandler Kinney,13,1,13,12,1
33,1,R_plus,competition_rank,c_905d57e778cf,Joey Graziadei,13,1,13,12,1
33,1,R_plus,competition_rank,c_a6a0da2a459b,Tori Spelling,13,1,13,12,1
33,1,R_plus,competition_rank,c_c4be83201a36,Phaedra Parks,13,1,13,12,1
33,1,R_plus,competition_rank,c_df16a54cb13c,Reginald VelJohnson,13,1,13,12,1
33,2,R_plus,competition_rank,c_03f1c95186f0,Ilona Maher,13,1,13,12,1
33,2,R_plus,competition_rank,c_070ccb9d48f3,Stephen Nedoroscik,13,1,13,12,1
33,2,R_plus,competition_rank,c_38506bf4386f,Dwight Howard ,13,1,13,12,1
33,2,R_plus,competition_rank,c_4416c492447c,Jenn Tran,13,1,13,12,1
33,2,R_plus,competition_rank,c_50d8f7334ef2,Anna Delvey,13,1,13,12,1
33,2,R_plus,competition_rank,c_548bd4dd6577,Danny Amendola,13,1,13,12,1
33,2,R_plus,competition_rank,c_6c369becca5b,Eric Roberts,13,1,13,12,1
33,2,R_plus,competition_rank,c_81ba1a15bc54,Brooks Nader,13,1,13,12,1
33,2,R_plus,competition_rank,c_826d53336104,Chandler Kinney,13,1,13,12,1
33,2,R_plus,competition_rank,c_905d57e778cf,Joey Graziadei,13,1,13,12,1
33,2,R_plus,competition_rank,c_a6a0da2a459b,Tori Spelling,13,3,13,10,0.833333333333
33,2,R_plus,competition_rank,c_c4be83201a36,Phaedra Parks,13,1,13,12,1
33,2,R_plus,competition_rank,c_df16a54cb13c,Reginald VelJohnson,13,1,13,12,1
33,3,R_plus,competition_rank,c_03f1c95186f0,Ilona Maher,11,1,11,10,1
33,3,R_plus,competition_rank,c_070ccb9d48f3,Stephen Nedoroscik,11,1,11,10,1
33,3,R_plus,competition_rank,c_38506bf4386f,Dwight Howard ,11,1,11,10,1
33,3,R_plus,competition_rank,c_4416c492447c,Jenn Tran,11,1,11,10,1
33,3,R_plus,competition_rank,c_548bd4dd6577,Danny Amendola,11,1,11,10,1
33,3,R_plus,competition_rank,c_6c369becca5b,Eric Roberts,11,1,11,10,1
33,3,R_plus,competition_rank,c_81ba1a15bc54,Brooks Nader,11,1,11,10,1
33,3,R_plus,competition_rank,c_826d53336104,Chandler Kinney,11,1,11,10,1
33,3,R_plus,competition_rank,c_905d57e778cf,Joey Graziadei,11,1,11,10,1
33,3,R_plus,competition_rank,c_c4be83201a36,Phaedra Parks,11,1,11,10,1
33,3,R_plus,competition_rank,c_df16a54cb13c,Reginald VelJohnson,11,1,11,10,1
33,4,R_plus,competition_rank,c_03f1c95186f0,Ilona Maher,9,1,9,8,1
33,4,R_plus,competition_rank,c_070ccb9d48f3,Stephen Nedoroscik,9,1,9,8,1
33,4,R_plus,competition_rank,c_38506bf4386f,Dwight Howard ,9,1,9,8,1
33,4,R_plus,competition_rank,c_4416c492447c,Jenn Tran,9,1,9,8,1
33,4,R_plus,competition_rank,c_548bd4dd6577,Danny Amendola,9,1,9,8,1
33,4,R_plus,competition_rank,c_81ba1a15bc54,Brooks Nader,9,5,9,4,0.5
33,4,R_plus,competition_rank,c_826d53336104,Chandler Kinney,9,1,9,8,1
33,4,R_plus,competition_rank,c_905d57e778cf,Joey Graziadei,9,1,9,8,1
33,4,R_plus,competition_rank,c_c4be83201a36,Phaedra Parks,9,1,9,8,1
33,5,R_plus,competition_rank,c_03f1c95186f0,Ilona Maher,8,1,8,7,1
33,5,R_plus,competition_rank,c_070ccb9d48f3,Stephen Nedoroscik,8,1,8,7,1
33,5,R_plus,competition_rank,c_38506bf4386f,Dwight Howard ,8,1,8,7,1
33,5,R_plus,competition_rank,c_4416c492447c,Jenn Tran,8,1,8,7,1
33,5,R_plus,competition_rank,c_548bd4dd6577,Danny Amendola,8,1,8,7,1
33,5,R_plus,competition_rank,c_826d53336104,Chandler Kinney,8,1,8,7,1
33,5,R_plus,competition_rank,c_905d57e778cf,Joey Graziadei,8,1,8,7,1
33,5,R_plus,competition_rank,c_c4be83201a36,Phaedra Parks,8,2,8,6,0.857142857143
33,6,R_plus,competition_rank,c_03f1c95186f0,Ilona Maher,7,1,7,6,1
33,6,R_plus,competition_rank,c_070ccb9d48f3,Stephen Nedoroscik,7,1,7,6,1
33,6,R_plus,competition_rank,c_38506bf4386f,Dwight Howard ,7,1,7,6,1
33,6,R_plus,competition_rank,c_4416c492447c,Jenn Tran,7,4,7,3,0.5
33,6,R_plus,competition_rank,c_548bd4dd6577,Danny Amendola,7,1,7,6,1
33,6,R_plus,competition_rank,c_826d53336104,Chandler Kinney,7,1,7,6,1
33,6,R_plus,competition_rank,c_905d57e778cf,Joey Graziadei,7,1,7,6,1
33,7,R_plus,competition_rank,c_03f1c95186f0,Ilona Maher,6,1,6,5,1
33,7,R_plus,competition_rank,c_070ccb9d48f3,Stephen Nedoroscik,6,1,6,5,1
33,7,R_plus,competition_rank,c_38506bf4386f,Dwight Howard ,6,1,6,5,1
33,7,R_plus,competition_rank,c_548bd4dd6577,Danny Amendola,6,1,6,5,1
33,7,R_plus,competition_rank,c_826d53336104,Chandler Kinney,6,1,6,5,1
33,7,R_plus,competition_rank,c_905d57e778cf,Joey Graziadei,6,1,6,5,1
33,8,R_plus,competition_rank,c_03f1c95186f0,Ilona Maher,5,1,5,4,1
33,8,R_plus,competition_rank,c_070ccb9d48f3,Stephen Nedoroscik,5,1,5,4,1
33,8,R_plus,competition_rank,c_548bd4dd6577,Danny Amendola,5,1,5,4,1
33,8,R_plus,competition_rank,c_826d53336104,Chandler Kinney,5,1,5,4,1
33,8,R_plus,competition_rank,c_905d57e778cf,Joey Graziadei,5,1,5,4,1
33,9,R_plus,competition_rank,c_03f1c95186f0,Ilona Maher,5,1,2,1,0.25
33,9,R_plus,competition_rank,c_070ccb9d48f3,Stephen Nedoroscik,5,3,5,2,0.5
33,9,R_plus,competition_rank,c_548bd4dd6577,Danny Amendola,5,1,5,4,1
33,9,R_plus,competition_rank,c_826d53336104,Chandler Kinney,5,4,5,1,0.25
33,9,R_plus,competition_rank,c_905d57e778cf,Joey Graziadei,5,1,3,2,0.5
34,1,R_plus,competition_rank,c_006ccbcbd9a7,Robert Irwin,14,1,14,13,1
34,1,R_plus,competition_rank,c_014c25f27383,Jordan Chiles,14,1,14,13,1
34,1,R_plus,competition_rank,c_040942d5a49f,Alix Earle,14,1,14,13,1
34,1,R_plus,competition_rank,c_396787e341a0,Lauren Jauregui,14,1,14,13,1
34,1,R_plus,competition_rank,c_54b5a8c2dda4,Elaine Hendrix,14,1,14,13,1
34,1,R_plus,competition_rank,c_5758002db999,Corey Feldman,14,1,14,13,1
34,1,R_plus,competition_rank,c_6100473f60b8,Hilaria Baldwin,14,1,14,13,1
34,1,R_plus,competition_rank,c_68b9b2405657,Dylan Efron,14,1,14,13,1
34,1,R_plus,competition_rank,c_6c95904f8723,Baron Davis,14,1,14,13,1
34,1,R_plus,competition_rank,c_84e2c0dbe1b3,Andy Richter,14,1,14,13,1
34,1,R_plus,competition_rank,c_8a97cf9ea7ff,Danielle Fishel,14,1,14,13,1
34,1,R_plus,competition_rank,c_97d9dc87a3ff,Whitney Leavitt,14,1,14,13,1
34,1,R_plus,competition_rank,c_b67c79ae64a7,Jen Affleck,14,1,14,13,1
34,1,R_plus,competition_rank,c_c08381fdf058,Scott Hoying,14,1,14,13,1
34,2,R_plus,competition_rank,c_006ccbcbd9a7,Robert Irwin,14,1,14,13,1
34,2,R_plus,competition_rank,c_014c25f27383,Jordan Chiles,14,1,14,13,1
34,2,R_plus,competition_rank,c_040942d5a49f,Alix Earle,14,1,14,13,1
34,2,R_plus,competition_rank,c_396787e341a0,Lauren Jauregui,14,1,14,13,1
34,2,R_plus,competition_rank,c_54b5a8c2dda4,Elaine Hendrix,14,1,14,13,1
34,2,R_plus,competition_rank,c_5758002db999,Corey Feldman,14,1,14,13,1
34,2,R_plus,competition_rank,c_6100473f60b8,Hilaria Baldwin,14,1,14,13,1
34,2,R_plus,competition_rank,c_68b9b2405657,Dylan Efron,14,1,14,13,1
34,2,R_plus,competition_rank,c_6c95904f8723,Baron Davis,14,2,14,12,0.923076923077
34,2,R_plus,competition_rank,c_84e2c0dbe1b3,Andy Richter,14,1,14,13,1
34,2,R_plus,competition_rank,c_8a97cf9ea7ff,Danielle Fishel,14,1,14,13,1
34,2,R_plus,competition_rank,c_97d9dc87a3ff,Whitney Leavitt,14,1,14,13,1
34,2,R_plus,competition_rank,c_b67c79ae64a7,Jen Affleck,14,1,14,13,1
34,2,R_plus,competition_rank,c_c08381fdf058,Scott Hoying,14,1,14,13,1
34,3,R_plus,competition_rank,c_006ccbcbd9a7,Robert Irwin,12,1,12,11,1
34,3,R_plus,competition_rank,c_014c25f27383,Jordan Chiles,12,1,12,11,1
34,3,R_plus,competition_rank,c_040942d5a49f,Alix Earle,12,1,12,11,1
34,3,R_plus,competition_rank,c_396787e341a0,Lauren Jauregui,12,1,12,11,1
34,3,R_plus,competition_rank,c_54b5a8c2dda4,Elaine Hendrix,12,1,12,11,1
34,3,R_plus,competition_rank,c_6100473f60b8,Hilaria Baldwin,12,1,12,11,1
34,3,R_plus,competition_rank,c_68b9b2405657,Dylan Efron,12,1,12,11,1
34,3,R_plus,competition_rank,c_84e2c0dbe1b3,Andy Richter,12,1,12,11,1
34,3,R_plus,competition_rank,c_8a97cf9ea7ff,Danielle Fishel,12,1,12,11,1
34,3,R_plus,competition_rank,c_97d9dc87a3ff,Whitney Leavitt,12,1,12,11,1
34,3,R_plus,competition_rank,c_b67c79ae64a7,Jen Affleck,12,1,12,11,1
34,3,R_plus,competition_rank,c_c08381fdf058,Scott Hoying,12,1,12,11,1
34,4,R_plus,competition_rank,c_006ccbcbd9a7,Robert Irwin,11,1,11,10,1
34,4,R_plus,competition_rank,c_014c25f27383,Jordan Chiles,11,1,11,10,1
34,4,R_plus,competition_rank,c_040942d5a49f,Alix Earle,11,1,11,10,1
34,4,R_plus,competition_rank,c_54b5a8c2dda4,Elaine Hendrix,11,1,11,10,1
34,4,R_plus,competition_rank,c_6100473f60b8,Hilaria Baldwin,11,6,11,5,0.5
34,4,R_plus,competition_rank,c_68b9b2405657,Dylan Efron,11,1,11,10,1
34,4,R_plus,competition_rank,c_84e2c0dbe1b3,Andy Richter,11,1,11,10,1
34,4,R_plus,competition_rank,c_8a97cf9ea7ff,Danielle Fishel,11,1,11,10,1
34,4,R_plus,competition_rank,c_97d9dc87a3ff,Whitney Leavitt,11,1,11,10,1
34,4,R_plus,competition_rank,c_b67c79ae64a7,Jen Affleck,11,1,11,10,1
34,4,R_plus,competition_rank,c_c08381fdf058,Scott Hoying,11,1,11,10,1
34,5,R_plus,competition_rank,c_006ccbcbd9a7,Robert Irwin,10,1,10,9,1
34,5,R_plus,competition_rank,c_014c25f27383,Jordan Chiles,10,1,10,9,1
34,5,R_plus,competition_rank,c_040942d5a49f,Alix Earle,10,1,10,9,1
34,5,R_plus,competition_rank,c_54b5a8c2dda4,Elaine Hendrix,10,1,10,9,1
34,5,R_plus,competition_rank,c_68b9b2405657,Dylan Efron,10,1,10,9,1
34,5,R_plus,competition_rank,c_84e2c0dbe1b3,Andy Richter,10,1,10,9,1
34,5,R_plus,competition_rank,c_8a97cf9ea7ff,Danielle Fishel,10,1,10,9,1
34,5,R_plus,competition_rank,c_97d9dc87a3ff,Whitney Leavitt,10,1,10,9,1
34,5,R_plus,competition_rank,c_b67c79ae64a7,Jen Affleck,10,1,10,9,1
34,5,R_plus,competition_rank,c_c08381fdf058,Scott Hoying,10,1,10,9,1
34,6,R_plus,competition_rank,c_006ccbcbd9a7,Robert Irwin,10,1,10,9,1
34,6,R_plus,competition_rank,c_014c25f27383,Jordan Chiles,10,1,10,9,1
34,6,R_plus,competition_rank,c_040942d5a49f,Alix Earle,10,1,10,9,1
34,6,R_plus,competition_rank,c_54b5a8c2dda4,Elaine Hendrix,10,1,10,9,1
34,6,R_plus,competition_rank,c_68b9b2405657,Dylan Efron,10,1,10,9,1
34,6,R_plus,competition_rank,c_84e2c0dbe1b3,Andy Richter,10,1,10,9,1
34,6,R_plus,competition_rank,c_8a97cf9ea7ff,Danielle Fishel,10,1,10,9,1
34,6,R_plus,competition_rank,c_97d9dc87a3ff,Whitney Leavitt,10,1,10,9,1
34,6,R_plus,competition_rank,c_b67c79ae64a7,Jen Affleck,10,1,10,9,1
34,6,R_plus,competition_rank,c_c08381fdf058,Scott Hoying,10,1,10,9,1
34,7,R_plus,competition_rank,c_006ccbcbd9a7,Robert Irwin,9,1,9,8,1
34,7,R_plus,competition_rank,c_014c25f27383,Jordan Chiles,9,1,9,8,1
34,7,R_plus,competition_rank,c_040942d5a49f,Alix Earle,9,1,9,8,1
34,7,R_plus,competition_rank,c_54b5a8c2dda4,Elaine Hendrix,9,1,9,8,1
34,7,R_plus,competition_rank,c_68b9b2405657,Dylan Efron,9,1,9,8,1
34,7,R_plus,competition_rank,c_84e2c0dbe1b3,Andy Richter,9,1,9,8,1
34,7,R_plus,competition_rank,c_8a97cf9ea7ff,Danielle Fishel,9,1,9,8,1
34,7,R_plus,competition_rank,c_97d9dc87a3ff,Whitney Leavitt,9,1,9,8,1
34,7,R_plus,competition_rank,c_b67c79ae64a7,Jen Affleck,9,2,9,7,0.875
34,8,R_plus,competition_rank,c_006ccbcbd9a7,Robert Irwin,8,1,8,7,1
34,8,R_plus,competition_rank,c_014c25f27383,Jordan Chiles,8,1,8,7,1
34,8,R_plus,competition_rank,c_040942d5a49f,Alix Earle,8,1,8,7,1
34,8,R_plus,competition_rank,c_54b5a8c2dda4,Elaine Hendrix,8,1,8,7,1
34,8,R_plus,competition_rank,c_68b9b2405657,Dylan Efron,8,1,8,7,1
34,8,R_plus,competition_rank,c_84e2c0dbe1b3,Andy Richter,8,1,8,7,1
34,8,R_plus,competition_rank,c_8a97cf9ea7ff,Danielle Fishel,8,1,8,7,1
34,8,R_plus,competition_rank,c_97d9dc87a3ff,Whitney Leavitt,8,1,8,7,1
34,9,R_plus,competition_rank,c_006ccbcbd9a7,Robert Irwin,7,1,7,6,1
34,9,R_plus,competition_rank,c_014c25f27383,Jordan Chiles,7,1,7,6,1
34,9,R_plus,competition_rank,c_040942d5a49f,Alix Earle,7,1,7,6,1
34,9,R_plus,competition_rank,c_54b5a8c2dda4,Elaine Hendrix,7,1,7,6,1
34,9,R_plus,competition_rank,c_68b9b2405657,Dylan Efron,7,1,7,6,1
34,9,R_plus,competition_rank,c_84e2c0dbe1b3,Andy Richter,7,1,7,6,1
34,9,R_plus,competition_rank,c_97d9dc87a3ff,Whitney Leavitt,7,1,7,6,1
34,10,R_plus,competition_rank,c_006ccbcbd9a7,Robert Irwin,6,1,6,5,1
34,10,R_plus,competition_rank,c_014c25f27383,Jordan Chiles,6,1,6,5,1
34,10,R_plus,competition_rank,c_040942d5a49f,Alix Earle,6,1,6,5,1
34,10,R_plus,competition_rank,c_54b5a8c2dda4,Elaine Hendrix,6,1,6,5,1
34,10,R_plus,competition_rank,c_68b9b2405657,Dylan Efron,6,1,6,5,1
34,10,R_plus,competition_rank,c_97d9dc87a3ff,Whitney Leavitt,6,4,6,2,0.4
34,11,R_plus,competition_rank,c_006ccbcbd9a7,Robert Irwin,5,1,3,2,0.5
34,11,R_plus,competition_rank,c_014c25f27383,Jordan Chiles,5,2,5,3,0.75
34,11,R_plus,competition_rank,c_040942d5a49f,Alix Earle,5,2,5,3,0.75
34,11,R_plus,competition_rank,c_54b5a8c2dda4,Elaine Hendrix,5,1,5,4,1
34,11,R_plus,competition_rank,c_68b9b2405657,Dylan Efron,5,1,5,4,1
